age,annual_income,employment_length,total_debt,credit_history_length,num_credit_accounts,num_late_payments,credit_utilization,education,home_ownership,creditworthy
56,16265.09760596846,36.0,6199.086952348245,29,14,2,0.7202679239473956,PhD,Own,0
69,40204.403882928855,3.0,48428.130198604435,10,2,1,0.6872830044131277,Bachelor,Own,0
46,24880.126403278824,3.0,,16,8,0,0.09575419866335766,Master,Rent,0
32,17834.198288544383,19.0,2998.3084848902636,28,3,2,0.9225724049058001,Bachelor,Mortgage,1
60,26283.94453716446,9.0,7158.775944166495,16,7,2,0.5684722021568196,Bachelor,Own,1
25,21146.422012825424,23.0,1127.968410302634,23,5,1,0.36372552113568424,Bachelor,Mortgage,1
38,84420.9453573196,34.0,6561.501314564991,3,3,0,0.7565385834953067,Bachelor,Rent,0
56,56433.59287204957,25.0,59501.9401683558,20,1,0,0.25736545840163405,Bachelor,Mortgage,1
36,36171.02559302694,36.0,8308.744438119318,7,8,1,0.6935098370463204,Bachelor,Mortgage,1
40,76112.8258785115,37.0,10687.617281179513,4,3,0,0.03971120757224722,Bachelor,Mortgage,1
28,37747.86337825346,20.0,1786.1223815494027,25,2,2,0.839408037609272,High School,Mortgage,1
28,23608.400931295135,39.0,3867.5105501885455,15,1,1,0.4481708470213185,Bachelor,Mortgage,1
41,,38.0,5165.536991940089,3,4,3,0.6366929143579417,High School,Mortgage,1
53,47546.09886649976,20.0,5534.419069968142,27,13,1,0.22123781980668367,High School,Own,1
57,21620.06122022071,9.0,37721.01156050246,21,8,1,0.677073712658448,High School,Mortgage,0
41,33018.7433977553,37.0,15823.148992461367,28,13,6,0.7722402758932766,High School,Rent,0
20,23439.803799035933,3.0,2135.060903906075,14,3,3,0.47321318688439873,High School,Rent,1
39,18189.506384770673,19.0,10892.23832310453,11,14,1,0.6177269240617943,Master,Rent,0
19,57704.403905311294,16.0,14733.308563651506,4,1,1,0.45632592382239856,High School,Rent,0
41,94344.50610646792,6.0,31830.455998235117,29,4,4,0.8940913692578455,Bachelor,Rent,0
61,18046.66555842537,3.0,53995.11313126258,22,9,3,0.49786918051431917,High School,Rent,0
47,48121.51331390637,28.0,2396.7932326055843,15,13,0,0.8418087090288189,Master,Rent,0
55,26230.515229885514,13.0,3062.45140370032,13,1,0,0.8013520582702486,Bachelor,Mortgage,0
19,28465.19261569145,2.0,1791.6756339354558,9,12,3,0.41050482134835653,Bachelor,Rent,1
38,27005.694708606356,23.0,6119.135877630584,6,14,3,0.23008449185747504,Bachelor,Mortgage,1
50,23576.473664104742,36.0,14180.59910701348,12,11,4,0.406082132559771,Bachelor,Rent,0
29,37207.32070229297,15.0,26497.38743900513,19,2,2,0.8262173757752201,Bachelor,Mortgage,0
39,23969.199759712574,3.0,7397.214368470242,27,9,1,0.22763253581939236,High School,Mortgage,1
61,41573.923588491816,23.0,5520.275084037263,28,2,4,0.5244363458577493,PhD,Mortgage,1
42,35414.65318570937,33.0,9721.639836642504,4,13,2,0.8060967479607475,Bachelor,Mortgage,0
66,32225.907106538816,29.0,2974.4919135829196,28,3,1,0.3534774751283788,Bachelor,Rent,1
44,23068.380953723827,17.0,99453.59834029422,2,7,2,0.6422096370026974,Master,Mortgage,0
59,27217.470250213606,18.0,1177.0972950742682,14,3,2,0.24563157404881453,Bachelor,Mortgage,0
45,52981.369555301106,30.0,10114.129591865621,3,9,2,0.10927944536815992,Master,Mortgage,1
33,46651.417600125664,18.0,91888.15988263927,14,6,1,0.7943842250928563,Bachelor,Mortgage,0
32,22275.047340254987,18.0,8169.474078226761,13,3,0,0.09896862340870682,Master,Own,1
64,38164.69500493582,21.0,6450.759520659325,19,9,3,0.2713813950795846,High School,Mortgage,1
68,52875.40424875585,23.0,5276.749133276792,18,1,4,0.8551094219974401,Master,Rent,0
61,15761.05589276244,11.0,6525.872775120159,12,10,6,0.3464692870786672,Master,Mortgage,0
69,47652.01025808127,29.0,42083.80092983787,9,3,4,0.9730453495141611,High School,Rent,0
20,26073.848570583395,37.0,570.0737317466526,20,1,2,0.9797343347738597,High School,Mortgage,0
54,48305.4337975116,30.0,,4,2,1,0.2682760204535567,Bachelor,Rent,0
68,24794.33358891822,35.0,1467.4058854302746,26,12,4,0.04097822224989045,PhD,Rent,1
24,14728.783944508323,18.0,5884.14782675028,22,8,2,0.7050632842053791,High School,Mortgage,0
38,16094.434066703994,35.0,4841.145743896801,19,7,3,0.4509865026483437,Bachelor,Mortgage,0
26,37199.19771883508,29.0,16420.140239195727,28,2,2,0.10075284395957629,High School,Mortgage,1
56,41351.38733268079,32.0,1190.6453829891927,19,2,3,0.7075228189780428,Bachelor,Rent,1
35,23105.86331466235,17.0,14109.550666464942,24,9,0,0.031174909111921223,Bachelor,Rent,1
21,49975.90305741292,27.0,91965.75403142135,5,13,2,0.8701966904922421,PhD,Mortgage,0
42,15823.318237694868,,1578.4382605328144,3,13,2,0.13865252911330372,Bachelor,Mortgage,0
31,35135.24724762324,32.0,10174.576635418563,1,6,2,0.127311878746725,Master,Mortgage,0
67,19820.89374824398,16.0,3661.475131699841,21,5,3,0.17567229796858452,Bachelor,Own,0
26,26214.86633247511,5.0,13508.368313152088,15,10,2,0.9602663584920665,High School,Mortgage,0
43,37186.43546244226,3.0,8291.426705493288,17,6,2,0.693169360253846,Bachelor,Own,0
19,23618.68269280457,19.0,,4,9,3,0.8013715354636367,Bachelor,Mortgage,0
37,29963.109717384163,26.0,14551.46190096102,21,11,5,0.397634985732753,PhD,Own,0
45,60062.826674493575,,70630.5275615338,3,7,3,0.33631272750495556,Master,Own,0
64,27215.829916936797,5.0,6444.068987451418,29,10,0,0.23448400678316994,High School,Mortgage,1
24,55151.87686093927,13.0,19220.054739666888,12,10,2,0.48064802831240894,High School,Mortgage,1
61,20643.309952855732,10.0,1716.5512171020894,18,14,3,0.5518287335341685,High School,Own,0
25,47330.11671863814,38.0,2571.581473105323,22,9,2,0.6317748436527554,PhD,Rent,0
64,74666.31335677383,8.0,14283.88893864813,1,4,3,0.2571185039986945,Master,Rent,1
52,10553.12971051949,25.0,48095.27576099715,12,2,2,0.9486540809029906,Master,Mortgage,0
31,24380.82818388148,15.0,12415.93514047275,10,12,0,0.16975849820713584,Bachelor,Rent,1
34,48462.038717272546,4.0,5565.434641594658,29,8,2,0.9656531747664123,Bachelor,Rent,1
53,32809.62862647808,9.0,8096.196694553713,21,4,1,0.014856122507503788,Bachelor,Mortgage,0
67,43720.52439810214,2.0,1807.1579904662528,28,13,2,0.4811256918168456,High School,Mortgage,1
57,26849.63233754862,12.0,16737.69083582005,3,9,2,0.3333678381165628,Bachelor,Mortgage,0
21,37922.310815382065,29.0,23360.4494004036,21,4,4,0.4491234139302508,High School,Mortgage,0
19,33595.9694632133,5.0,4710.22803352806,19,8,0,0.570664578980789,High School,Mortgage,0
23,65113.75074346961,16.0,4609.844584297139,19,9,2,0.43558915801270903,Master,Mortgage,1
59,41241.91702490751,18.0,11148.429061116527,14,13,0,0.41484685030159496,Master,Mortgage,1
21,42993.37577385106,34.0,4797.913029129443,3,9,0,0.7327234154133065,Bachelor,Mortgage,1
46,,25.0,7484.884474372235,8,10,1,0.6858762750864646,Bachelor,Own,0
35,28458.349832306496,4.0,100676.34515586686,6,4,2,0.8332712820358479,Bachelor,Mortgage,0
43,29252.51717113704,28.0,6024.375846825797,18,1,0,0.24995898123949556,Master,Rent,1
61,44232.98564021798,36.0,5271.086659743946,18,3,1,0.6095285097540636,Master,Rent,1
51,29422.287948041714,19.0,3725.47572190473,5,9,4,0.5851947853928539,Master,Own,0
27,41977.43237491413,20.0,19791.945991023902,5,4,3,0.36973781087268875,Master,Rent,0
53,102508.43832794153,9.0,6519.356750391529,19,5,4,0.4860575419026809,High School,Mortgage,1
31,56137.67033938919,,3717.2980548256382,14,7,2,0.31378214330572873,Bachelor,Mortgage,1
48,30852.96805413944,,,14,5,2,0.1418443976169852,Bachelor,Mortgage,0
65,66211.33567859993,5.0,44512.423341988644,24,4,2,0.21380121066273283,Bachelor,Mortgage,0
32,29612.809897090967,25.0,3942.190140651827,19,2,1,0.10551364640120109,Master,Own,1
25,13107.472054372969,3.0,862.7733777264622,8,2,1,0.6830695751901241,Bachelor,Rent,0
31,21937.58916148807,38.0,27146.853563642057,3,13,1,0.6607273931091515,High School,Mortgage,0
40,14251.308976627743,38.0,3563.306586116614,17,13,1,0.9506063715798728,Bachelor,Mortgage,1
57,30462.2428989827,34.0,20926.063511643286,17,4,3,0.7296784136472413,PhD,Own,0
38,36651.48370559289,0.0,761.9457955790645,4,10,2,0.052045838756131446,High School,Mortgage,1
33,83970.31782369541,23.0,23649.96244475435,19,13,2,0.8842451739289542,Bachelor,Rent,1
62,42764.50379490458,35.0,1894.279217235029,22,10,2,0.8626751629457258,Bachelor,Rent,0
35,32547.301324938555,5.0,19475.585663749673,29,13,0,0.4433203207726987,High School,Rent,1
64,54978.79204068067,30.0,8243.066332433831,10,9,1,0.5858630505279215,Bachelor,Own,0
41,12021.263818066549,19.0,2579.2983839430876,4,8,4,0.9760783324725189,Master,Mortgage,0
43,40855.93098311256,23.0,4971.895449173567,21,3,2,0.5323043638481663,Bachelor,Mortgage,1
42,53392.875419863325,24.0,18464.073469144703,25,14,4,0.9053218283760898,Master,Own,0
62,17338.883804214925,35.0,9201.054202845076,3,9,4,0.08303875781018644,High School,Mortgage,0
58,64336.15392190303,20.0,16338.761608150402,28,14,2,0.19105186870868285,High School,Mortgage,1
46,,29.0,86831.84414672,11,5,1,0.4407549434413178,PhD,Rent,0
32,29506.21042491633,23.0,1240.0538262793134,1,11,3,0.5847568083373047,Bachelor,Rent,0
62,49830.91896225603,29.0,56424.29403042428,12,3,3,0.8162278518628002,Bachelor,Mortgage,0
18,113022.97876254295,21.0,9184.082715779263,9,5,1,0.9882621151431868,Master,Mortgage,1
42,39772.58470954347,27.0,2755.7892012878006,8,13,1,0.38885149647411643,Bachelor,Mortgage,1
24,41114.25976172646,6.0,1641.9234174295316,9,10,4,0.04741563614008493,Master,Own,0
26,28863.10890609161,34.0,,6,13,1,0.8011715032953248,High School,Mortgage,0
41,23743.82594050901,27.0,24489.02003666032,3,4,4,0.6043807190828081,High School,Rent,0
18,55004.369596730256,13.0,6953.087298577565,18,8,0,0.19854285886820167,High School,Rent,1
61,23669.86708237668,9.0,49681.40098032569,9,13,3,0.49482845662142017,Master,Mortgage,0
25,37638.51418695322,15.0,1420.2513925570759,29,12,3,0.7423102455337244,High School,Own,1
41,28600.26540378306,,7986.3831372335035,2,5,3,0.7704117870686438,Master,Rent,0
28,46142.5092142775,30.0,1802.8569259091998,24,10,2,0.499618411998762,PhD,Rent,0
68,42908.750249770426,24.0,12535.980884045,20,12,1,0.30521453012885913,Bachelor,Rent,1
34,61008.59117231242,12.0,23488.468277936692,28,8,0,0.9737425820384935,Bachelor,Mortgage,0
25,28141.25141093033,5.0,4890.676163150381,18,9,2,0.6633626109564928,Bachelor,Own,0
52,31731.41670556097,8.0,356.00450029401,20,4,2,0.4082375193462987,Bachelor,Rent,0
52,22261.59203156566,35.0,10288.044543827744,1,7,2,0.2804632242046524,Bachelor,Rent,0
50,29081.379538906564,19.0,,26,2,3,0.7311029830035621,Bachelor,Rent,0
22,43855.27322350681,17.0,13162.849462588156,19,6,3,0.2421834455937677,PhD,Mortgage,1
59,53023.702435257735,20.0,35701.166067396276,9,8,1,0.17170998897368817,PhD,Rent,1
56,22900.575904888297,3.0,2241.1302296837284,1,12,2,0.5298338889620703,Master,Mortgage,1
58,56095.056043070814,32.0,18329.358199241597,1,7,1,0.28998739264414186,Master,Rent,0
45,71526.18814627326,26.0,33894.53310326849,27,7,2,0.628905144923615,Bachelor,Rent,0
24,44654.81644572579,6.0,958.811885964387,23,8,0,0.11793867487423348,Bachelor,Mortgage,1
26,92818.18942283149,5.0,11891.536304103573,16,7,1,0.6549411045673216,Master,Mortgage,1
25,24664.133947642993,14.0,4424.8170094520665,15,5,1,0.2832965279977022,Bachelor,Rent,1
29,,17.0,7347.921714406257,15,7,2,0.00024293443451273156,PhD,Mortgage,0
51,14922.715713833319,31.0,12298.244163627138,13,13,1,0.12693605767417637,Bachelor,Own,0
50,76728.0135299715,10.0,4515.746197970725,6,14,1,0.9336153778350941,Bachelor,Mortgage,0
65,50371.60125940992,19.0,3601.660632919092,20,10,2,0.8673546391153578,Master,Mortgage,1
40,35320.10630724524,23.0,8442.070699033806,10,3,4,0.23360903203623684,PhD,Mortgage,1
41,41772.11594087291,14.0,2198.0038210088733,23,5,0,0.7783719045454912,High School,Mortgage,1
54,20686.89064276153,6.0,2201.7545524579577,0,7,1,0.6085715931739742,Master,Rent,0
52,123361.70250449674,20.0,18310.829496197755,10,9,4,0.9709047114498695,Bachelor,Mortgage,1
61,38739.328022819616,25.0,2041.5143866032295,22,2,2,0.3736056595340591,High School,Own,1
57,38357.19477075938,13.0,18026.08223434349,20,4,1,0.6814606125171713,Master,Rent,0
39,52202.3771418286,36.0,14116.64040986968,3,12,1,0.06353572242391858,Bachelor,Rent,1
44,46189.353919293324,20.0,1021.5046081946638,6,7,3,0.39624734681640594,Bachelor,Rent,0
52,40617.0014206342,17.0,3593.6454688617964,25,1,1,0.9638176611881805,Bachelor,Mortgage,1
18,24459.226172105813,4.0,33959.75016506289,14,13,3,0.5389808744501206,Bachelor,Mortgage,0
52,45969.53523497176,2.0,2496.3909869450436,17,2,3,0.2878795033348446,Bachelor,Mortgage,1
54,93061.16538268283,22.0,4641.1380531815175,11,9,2,0.12027096312860686,Bachelor,Rent,1
64,71161.69941343759,25.0,14107.658316085386,16,13,2,0.7035283401815304,High School,Own,1
31,80546.77200044121,36.0,20745.167586507087,0,10,4,0.6448560434297268,PhD,Mortgage,0
20,28124.38188335235,23.0,5991.837089019561,10,7,1,0.3739387136037746,Bachelor,Own,0
18,22141.24836827635,18.0,3955.996335271803,27,12,1,0.9509413518658343,Master,Mortgage,1
22,34101.837244231,24.0,44660.46038641667,0,10,2,0.022202812987850318,Bachelor,Mortgage,0
43,37341.56977107161,20.0,65295.57811812865,14,7,1,0.3037238516318258,Bachelor,Mortgage,0
31,62761.41540386296,11.0,26229.228536611063,27,6,3,0.9210694862995814,Bachelor,Mortgage,0
56,15580.379622508983,32.0,8976.647581759458,20,3,3,0.3209354383194404,Bachelor,Mortgage,0
44,78024.26599039088,3.0,3071.990906166397,9,10,4,0.2522528338551704,Bachelor,Own,0
26,33556.84182135163,6.0,2991.310043693281,6,3,1,0.5342204099312473,Bachelor,Mortgage,0
32,29335.670126605826,21.0,15169.117950465026,1,2,1,0.8238017499205379,Bachelor,Rent,0
32,21893.56008182803,32.0,13387.51539978955,9,11,1,0.10314676087836105,High School,Rent,0
43,15876.124629695378,16.0,43561.0338866023,23,6,1,0.9430207096457361,Bachelor,Rent,0
59,54807.66261933537,23.0,17686.202787205908,3,4,2,0.795072881181164,High School,Mortgage,0
30,37671.49488480922,33.0,1334.488882385048,11,5,0,0.18125025555155194,High School,Own,1
68,,27.0,28633.62888707348,18,3,1,0.7120079611981627,PhD,Rent,0
49,19005.061434614043,38.0,2446.2884761760897,25,6,2,0.38495872263755715,Bachelor,Rent,0
56,30702.754428692588,21.0,5111.429929278633,10,11,4,0.4022946780763187,Bachelor,Mortgage,1
66,83659.54134773128,16.0,10940.647355647434,7,12,0,0.7832900924388664,Bachelor,Mortgage,1
69,31894.99322684686,33.0,88858.54370768461,17,3,0,0.9627848079807322,PhD,Mortgage,0
49,17127.29251125237,5.0,338372.37431825866,10,14,1,0.12665587284719393,Bachelor,Mortgage,0
21,32116.60509209436,5.0,16782.09244446221,10,14,1,0.4206302368788194,Master,Own,0
47,31686.253273267823,33.0,6503.944106866669,12,8,4,0.48094160808430353,Bachelor,Own,0
54,9429.107048643755,0.0,15388.97738915603,2,9,2,0.3763118169549976,PhD,Mortgage,0
40,35342.89166775194,9.0,23510.12623762453,11,4,2,0.363189123716225,Master,Rent,0
56,32355.287553243747,20.0,5514.8451279799665,2,9,2,0.05226866756159654,Master,Own,0
62,51436.493120138235,4.0,69860.35689706627,9,12,5,0.6855386205626233,High School,Own,0
32,,1.0,10679.53861811177,26,7,3,0.4362144171200454,High School,Own,1
60,63785.58572768218,21.0,14724.848309572384,16,3,4,0.19479380264392676,High School,Own,1
46,31747.0680356404,1.0,18017.685863484447,21,7,3,0.8160335023020684,High School,Mortgage,1
53,20883.967652770763,9.0,13438.835053283474,1,14,0,0.8025607481516279,Master,Rent,0
30,131489.18733434743,33.0,22175.17281900251,16,1,3,0.4863916280888938,High School,Mortgage,0
49,37406.85356469535,15.0,3863.374008567482,15,3,2,0.29845066114776053,High School,Rent,0
24,36569.31010662057,38.0,4146.574684832822,1,6,3,0.6380927257964524,High School,Rent,0
68,35880.07679305106,21.0,2164.2191820311145,27,4,3,0.28815213577740306,High School,Rent,1
39,40096.42191992324,11.0,13730.864714925077,21,7,1,0.23600793032371203,High School,Mortgage,1
45,33786.60813845035,23.0,,29,14,1,0.7305146540263266,Master,Own,0
19,27259.81712170653,39.0,14035.25193873967,19,3,4,0.0403252397209507,Bachelor,Mortgage,0
59,27627.59937399947,37.0,60439.063406676345,5,1,0,0.09476847103459396,High School,Mortgage,0
62,35725.620266190286,9.0,8048.852208125398,27,9,2,0.006788174023589777,Bachelor,Mortgage,1
23,27675.079063610487,,18078.7046643926,24,6,3,0.15294318647542615,Bachelor,Own,0
45,25427.26007135275,31.0,2186.2848104055292,28,8,1,0.06899000871045946,High School,Own,1
45,38300.38065322874,6.0,5092.27699885756,9,3,0,0.9958023677799186,Bachelor,Own,0
61,31968.662059061982,20.0,18669.478601661587,27,8,3,0.2888099699540896,Master,Mortgage,1
61,77033.56340890106,19.0,22447.230732557135,9,2,2,0.14926801266924727,Master,Own,1
37,9648.088538525071,25.0,5694.406537442892,7,12,1,0.24099625799591795,Master,Mortgage,0
47,62677.225185934665,3.0,7435.944594042357,0,4,2,0.9361255715401346,High School,Mortgage,0
28,67713.6183680252,21.0,1311.007892531297,12,3,1,0.5201602230243957,PhD,Rent,1
45,12878.375730117279,14.0,5279.385350490425,23,10,0,0.3648180963078569,Master,Rent,0
42,30596.9681498001,39.0,23587.207671237386,8,1,2,0.8733914579092193,PhD,Mortgage,0
56,30160.233586491755,20.0,16159.21928486454,21,13,0,0.39499027054903246,High School,Own,0
50,17966.139970991146,14.0,14776.581355105545,9,13,3,0.3350085699576958,PhD,Rent,0
18,24614.51666490722,21.0,8601.814295778957,14,7,2,0.20728252254973556,Master,Mortgage,0
44,20841.721067434577,27.0,8172.055851040848,4,11,4,0.3777968239094115,Master,Rent,0
69,87215.31469492668,13.0,3668.780630725074,21,10,1,0.316684356016926,High School,Mortgage,1
30,57979.176347657325,26.0,18743.346296693926,15,2,0,0.677303959298141,Master,Mortgage,0
58,68581.46224269849,39.0,13428.94234521129,12,4,0,0.2895827046707271,PhD,Mortgage,0
20,52095.61358765749,27.0,14624.048608756777,21,9,4,0.5771997464225614,Bachelor,Rent,1
56,20650.072605573223,25.0,4310.280183678453,24,6,0,0.0658921650319727,Bachelor,Rent,1
23,27937.911117423177,1.0,611.5449719918043,19,8,5,0.19128915669651436,PhD,Mortgage,0
25,46382.95309954042,24.0,30229.7934188899,17,2,0,0.40740527161134876,Bachelor,Rent,0
44,19711.07807595977,2.0,4561.446434640015,10,7,3,0.9369492539086954,Bachelor,Own,0
26,51870.17364760325,7.0,2877.476814787413,26,6,2,0.3772519857156954,Bachelor,Own,1
54,32203.721549351998,32.0,18623.410443622677,8,13,1,0.6640741211998341,PhD,Rent,1
50,30109.30671768663,,5062.343675867498,15,14,1,0.25508722242139814,High School,Rent,1
68,51817.33289249468,,28909.44568050932,1,9,1,0.12703357597323173,Bachelor,Mortgage,0
59,45348.46720496232,38.0,16990.45745895322,25,7,2,0.05853660008005013,Bachelor,Rent,1
61,30318.60765674181,22.0,18403.26158312021,24,1,3,0.30541349854275135,Master,Rent,0
41,64839.152276521694,24.0,1573.1781421137287,1,14,2,0.15766102679690797,Bachelor,Mortgage,1
32,21151.54721558709,18.0,34694.372689887605,11,8,3,0.1740104480161242,PhD,Mortgage,0
49,49412.94945158161,4.0,11086.690762474349,7,11,3,0.76075930838695,PhD,Own,0
49,48852.001499424885,10.0,5202.358882211728,8,10,1,0.015838070944874216,High School,Rent,0
41,31108.20159692356,11.0,9624.48990444387,11,3,2,0.5578101257354344,Bachelor,Mortgage,0
58,42747.52214313853,9.0,961.5222642644632,25,14,2,0.3794613805934648,High School,Mortgage,0
69,19427.467842151167,7.0,13231.867105251775,8,2,2,0.5065499999085472,Bachelor,Mortgage,1
66,57642.389774542185,23.0,2356.0792699195736,9,12,4,0.5628302372146029,Bachelor,Mortgage,1
66,33108.61938274935,27.0,1598.4595400599019,24,3,1,0.3133676944572782,PhD,Own,1
69,27963.02804721665,35.0,1303.970313541641,1,11,0,0.2951088601842853,Master,Mortgage,0
29,61359.45861557993,36.0,30798.647325312562,15,6,1,0.7334018493349057,High School,Rent,1
56,,20.0,3808.0934176972078,19,13,2,0.8712769881211572,High School,Mortgage,0
19,17957.611657734444,7.0,51045.529660812106,6,14,0,0.19258163245852788,Bachelor,Mortgage,0
20,16675.32587360837,8.0,4260.05881002044,27,3,1,0.09761876053514895,Bachelor,Mortgage,0
66,49168.32899906471,14.0,1044.37139851955,1,10,0,0.8977958063920259,High School,Rent,0
54,19144.779064920476,39.0,2122.119584197084,0,5,2,0.34989546364739865,Master,Rent,0
66,87325.43848762102,17.0,35702.42683427189,18,6,2,0.5513173906628142,PhD,Mortgage,0
34,,19.0,,27,8,3,0.35954314452000347,Bachelor,Mortgage,1
66,84815.04166242713,5.0,4196.706140031685,3,7,0,0.1258023363460513,Master,Mortgage,0
19,40356.539646987694,11.0,9818.482629449762,23,14,5,0.589331644947728,Bachelor,Rent,0
19,34601.193133028275,1.0,14796.401427564546,21,11,5,0.5251408517696297,Master,Rent,0
45,27654.40913419358,6.0,30973.230528882377,26,8,1,0.20299355919119721,Bachelor,Mortgage,0
40,44336.70007421586,,46082.98518220988,1,3,4,0.45186904465227784,High School,Own,0
54,35638.530493404985,2.0,5262.05874241683,24,4,2,0.7969475040156458,PhD,Mortgage,0
49,63047.95718883213,2.0,1650.3501833362855,13,6,3,0.5904261031078913,Bachelor,Own,1
50,38449.99420932395,26.0,4933.686748127047,1,11,2,0.09691732706699485,Master,Mortgage,1
18,,,11073.793034594339,28,7,3,0.5480214972291351,Bachelor,Mortgage,1
36,30278.521958500893,37.0,2549.0838231304847,14,9,2,0.7027382992895869,High School,Mortgage,1
19,35296.07998387047,32.0,2569.3774267085314,11,13,2,0.7927034057807514,High School,Own,0
61,42357.50442270641,27.0,12240.99027801008,4,1,2,0.6291175786342668,Bachelor,Mortgage,0
43,,,7643.548044703047,27,13,2,0.15265816454078374,Bachelor,Rent,1
49,18507.054985662962,,8428.350777034024,19,8,0,0.7101732665901607,Bachelor,Mortgage,1
23,52661.085542377936,36.0,3261.0535544424674,28,8,4,0.6773418460815164,Bachelor,Rent,1
49,39554.4197960285,31.0,6145.7689163586165,6,6,4,0.02442688294063322,Bachelor,Own,0
21,33123.83297828449,36.0,2672.9024659851398,23,4,1,0.41174766759024317,Master,Own,1
28,36651.76874301471,3.0,23581.978899145382,20,3,3,0.3329502469623733,Bachelor,Rent,0
34,43208.42821103539,29.0,28065.580230008596,9,11,0,0.6694120642536434,PhD,Mortgage,0
55,27725.841400718862,5.0,884.1038784690325,13,3,2,0.21613581231092072,Bachelor,Rent,0
41,24608.510990264745,,2656.0277743961337,13,6,0,0.5908719229742585,Bachelor,Mortgage,0
22,,31.0,1345.020984659973,4,13,3,0.9132059618141724,High School,Mortgage,0
69,22265.943909875357,8.0,3714.3956987496117,17,8,2,0.7978023722086077,Bachelor,Rent,0
51,44539.2622921327,,7331.052966871467,23,7,1,0.9214577362165304,High School,Mortgage,0
23,15501.749970872594,10.0,1422.8621724361462,13,11,0,0.97850596693269,Bachelor,Rent,0
39,60753.369134117595,15.0,2680.5257355558806,1,1,0,0.010670127006162766,High School,Rent,1
28,45995.49524441188,0.0,2429.0394096302703,25,11,4,0.6227412763774776,Bachelor,Own,0
65,41275.1072478037,20.0,10391.264656176761,11,6,2,0.41283939775890643,Master,Mortgage,1
33,59358.19632224882,29.0,8806.216789901893,21,7,2,0.8598544903351217,Bachelor,Rent,1
50,83511.29926570288,12.0,3408.116037716492,23,12,3,0.2518147020091317,High School,Mortgage,1
26,60305.888570069605,33.0,,5,7,5,0.9810294891150761,High School,Mortgage,1
23,14466.094563465413,3.0,,3,9,3,0.6137079695437473,Master,Mortgage,0
33,19152.94017243214,27.0,5848.929123216673,12,11,0,0.793537402228831,High School,Rent,0
46,26571.399542481195,37.0,60363.65765377656,3,11,0,0.08559955282276832,Bachelor,Mortgage,0
20,36792.36114783759,30.0,40479.59350945355,21,10,2,0.18345788475886504,Bachelor,Mortgage,1
37,47043.5717728194,26.0,1703.6060948747004,13,5,2,0.7584036730342032,Bachelor,Mortgage,0
53,25263.806906162983,4.0,21931.49260753755,15,1,2,0.02198652203932361,Bachelor,Mortgage,0
36,39870.15716239307,24.0,21454.203346964518,28,2,3,0.8168779858937828,Master,Mortgage,0
43,24892.168970810777,2.0,2042.8150324554076,3,4,0,0.013949018691911452,High School,Rent,1
20,26748.698541972328,32.0,21645.073866497,23,5,0,0.6571188390612733,High School,Own,0
36,17973.782576264024,,51303.707633002654,24,9,3,0.36509392023180587,High School,Own,0
37,22888.351155301552,24.0,2106.8437058033232,0,11,2,0.6114948527191991,High School,Own,0
49,18474.703504040255,19.0,2694.5772723874265,12,1,3,0.6960314069891137,High School,Own,0
24,22293.788443467758,33.0,27479.450786798523,3,3,1,0.3424752191863042,Bachelor,Own,0
69,61501.74936220231,25.0,11223.82884886892,19,5,3,0.10796244811083555,Bachelor,Own,0
58,22590.85721915948,4.0,15705.582953951134,17,3,3,0.06964586774826564,Bachelor,Mortgage,0
50,135427.4067799412,34.0,12194.094543043813,5,4,1,0.5889360225625478,Bachelor,Rent,1
57,46474.49518435762,27.0,12949.793293569575,2,14,3,0.5206553537341115,Master,Mortgage,0
56,39831.68825708442,28.0,1649.5098233923788,22,3,4,0.7422010091211325,Bachelor,Own,1
35,23642.97027811103,8.0,28474.98461297854,12,4,2,0.5097355100039371,High School,Mortgage,0
57,51542.13666066196,37.0,32975.09936463432,26,14,1,0.4224457900308791,Bachelor,Mortgage,0
18,27232.90018247211,5.0,6153.2218835056465,15,13,4,0.39808717823623085,High School,Own,1
28,38599.89778230805,,7691.165874864826,26,13,1,0.026446902597667465,High School,Own,1
45,130619.30062030007,10.0,1290.3528627065675,4,1,1,0.33555720169665715,Bachelor,Own,1
42,,1.0,15019.516091982547,3,12,3,0.9760201575244942,PhD,Own,0
67,64513.94385015339,8.0,16098.299593059994,20,8,1,0.8735555762270888,Master,Mortgage,1
40,25550.490355328373,20.0,7520.371216342241,7,4,4,0.3293780670342177,High School,Mortgage,0
48,35685.715253982584,23.0,31232.797757664248,18,7,3,0.5877954050663722,Master,Rent,0
47,,33.0,5426.813036344722,13,2,0,0.847296745535494,Master,Rent,0
59,26542.870807111707,21.0,15954.993177004888,6,2,2,0.44127433675006866,Bachelor,Own,0
52,89879.4205184721,2.0,2383.684773518369,13,6,3,0.01795786375015096,Master,Rent,1
24,51734.28366604354,11.0,7877.275851443291,5,14,2,0.07451046181864007,Bachelor,Mortgage,1
33,27412.834964340283,,6573.323808764811,11,2,1,0.5103927213487066,High School,Rent,1
43,,29.0,10618.674830441567,15,6,4,0.9694393756758783,Bachelor,Mortgage,0
65,59058.114215689755,25.0,5200.799721807707,16,11,1,0.6932095422188678,Bachelor,Rent,1
69,49558.29741356116,20.0,6920.427922379897,12,2,1,0.07091619143856953,Bachelor,Own,1
66,16562.35520009804,27.0,21834.71919956012,22,4,0,0.18936087579186278,Bachelor,Mortgage,0
19,25246.212213081468,25.0,4797.656820519401,13,7,3,0.77132314321685,PhD,Own,1
18,32088.105081131693,32.0,1178.6293554137094,28,8,0,0.8414397599562448,PhD,Mortgage,0
65,34988.799866669964,20.0,66138.128165987,6,3,2,0.6176945861885909,Master,Mortgage,0
29,49530.11011487444,34.0,42520.640439902316,13,14,1,0.6444231696298166,Master,Own,0
22,39689.83944195165,33.0,1718.6334803626348,14,13,1,0.028337450383384644,PhD,Rent,1
54,18626.262396803137,,18539.323806144563,11,9,2,0.8285302595815085,High School,Mortgage,0
49,43918.851477132885,10.0,4431.220244512951,16,2,4,0.7882752081708296,High School,Mortgage,0
26,49280.949853286606,22.0,11116.487642213438,8,8,4,0.25903514410334716,Bachelor,Mortgage,1
58,48045.09000058001,21.0,11534.167020920671,21,8,3,0.708676719965507,Master,Rent,0
52,62341.9830330254,16.0,6116.287902623157,14,13,4,0.2148546064249981,Bachelor,Mortgage,1
36,55103.09021220494,4.0,3163.6484118373114,11,14,1,0.04033016105151299,Master,Rent,1
65,45687.95793368514,10.0,3538.119807556165,1,4,2,0.20113654259037728,High School,Mortgage,1
33,,29.0,2698.819411645553,4,1,1,0.1786288767542995,High School,Mortgage,0
20,15827.74249219506,14.0,2986.3684115900264,12,13,1,0.33774799673484723,Master,Rent,0
37,45017.61378289389,26.0,7475.498252877105,26,1,4,0.4184494971754581,High School,Mortgage,1
41,40289.406347185046,34.0,3432.6506057001347,19,2,2,0.5085388914977079,Bachelor,Own,1
50,41597.253340369374,,18369.785084123712,22,14,0,0.47675387550832815,High School,Mortgage,1
41,19180.04533490691,19.0,48276.26864053066,7,12,3,0.27067460596528936,Bachelor,Rent,0
69,21151.61899551103,15.0,4039.7420114167817,26,14,1,0.029170668574074465,Master,Mortgage,1
28,61486.715766547386,33.0,10799.827066710084,13,9,2,0.6051016222371507,Bachelor,Rent,0
66,35604.325884648875,1.0,14759.203486418126,14,13,2,0.3957448298473544,Bachelor,Mortgage,0
25,51059.676172933,34.0,14276.965668337964,10,2,0,0.2986721573875497,High School,Mortgage,1
53,,39.0,8876.355379492179,0,2,2,0.8669410428305123,Master,Own,1
55,,27.0,19756.126051014606,20,6,5,0.7467433077981598,Bachelor,Rent,1
57,58054.75541055601,38.0,14453.599215994427,2,7,2,0.8577655483724422,Bachelor,Mortgage,0
37,28056.556750788455,5.0,1835.0097855646716,16,13,3,0.494982794712461,Master,Rent,1
52,38103.46067941192,8.0,22993.96978483332,27,7,0,0.13093125212677748,High School,Mortgage,1
65,28821.08036947736,19.0,23499.842658340967,18,13,2,0.6962214361212724,Master,Rent,0
42,29224.184632225373,0.0,3242.359793424492,13,9,1,0.20607377993717524,Bachelor,Mortgage,1
52,31114.02428817704,7.0,8480.506048508716,21,6,3,0.4412296690917168,Bachelor,Rent,0
42,40581.47196219122,22.0,18397.95491274229,29,14,2,0.0650007889488885,High School,Rent,1
46,28584.66571382003,2.0,,22,8,1,0.8253084024229824,PhD,Rent,0
35,68041.83821231518,3.0,29365.43722938761,7,11,2,0.12594064104750058,Master,Own,0
63,23218.307175992402,24.0,138226.23329554754,12,6,1,0.9030975070493097,High School,Rent,0
35,,37.0,3155.23027880029,26,2,2,0.8642306022615571,Bachelor,Own,1
19,29147.792818872505,14.0,1544.9494590618806,19,1,5,0.46458276443924607,Master,Mortgage,1
52,74868.53158550644,20.0,11667.7314493483,2,5,3,0.7443682043039906,Bachelor,Mortgage,0
33,40065.76020226955,34.0,19261.72039542606,4,14,4,0.6194450738181533,Master,Mortgage,0
58,60835.10399829818,13.0,6142.335671840013,8,9,2,0.8030756423377449,Bachelor,Rent,0
53,17278.527307772365,35.0,46347.04412260057,28,8,2,0.43180510078591205,Master,Mortgage,0
50,41503.17182991207,11.0,1625.6662981120767,5,14,0,0.78580848424435,Bachelor,Rent,0
21,56659.52544203309,16.0,18610.893264247734,24,13,2,0.46245681706514796,High School,Mortgage,0
50,37840.755728043085,38.0,3916.552239729984,21,4,1,0.9409657878427938,Bachelor,Rent,0
31,,8.0,63783.73422961935,1,5,1,0.4863721008251476,PhD,Own,0
38,28039.114897757812,34.0,88523.06546852345,12,13,2,0.46261927193372954,Bachelor,Own,0
65,73473.03301282618,12.0,3229.272293358872,4,5,3,0.7850718615635127,Bachelor,Mortgage,1
37,114628.19260871514,14.0,4190.31603845114,27,6,1,0.821577691760838,Bachelor,Rent,1
25,30290.23674026185,17.0,22731.467212690073,26,3,2,0.5544891143211708,Bachelor,Mortgage,1
24,29063.80135982302,32.0,5092.087891607885,24,5,1,0.1797978134950754,Master,Rent,0
20,75108.74220936776,5.0,7673.334444996459,7,2,2,0.4677582309575795,Master,Mortgage,1
34,80000.33273743893,26.0,8353.752387716057,22,10,1,0.9680725029096784,High School,Mortgage,1
50,27961.112552648454,22.0,809.4801184749789,0,1,1,0.7529861930391851,PhD,Own,1
65,29434.02483430082,26.0,7969.640823327745,19,11,3,0.8111626038791322,Master,Own,0
29,31543.022782404612,33.0,3541.5744641115034,11,1,3,0.03282549881924013,Master,Mortgage,1
68,18541.648378704063,37.0,4483.918521654429,22,10,1,0.4678594626341599,Bachelor,Mortgage,1
39,22940.840446945193,13.0,45814.61409103421,10,7,0,0.6466211336575554,Master,Own,0
39,21980.909741712807,35.0,1793.9796996524526,6,2,3,0.8300326836280747,High School,Mortgage,0
63,24738.133969322873,7.0,21500.817230140463,14,4,3,0.04927365358277147,Bachelor,Mortgage,0
47,35691.132812239106,34.0,5797.861859194759,21,5,3,0.8524388856418731,Master,Rent,1
55,,18.0,5792.31777949608,23,7,0,0.5484009367419117,High School,Mortgage,0
55,78845.87262717674,29.0,20919.6936724232,10,2,0,0.19731397057605993,High School,Own,1
62,22044.600588749527,13.0,12186.225719398599,28,14,0,0.3172552164497,Master,Rent,1
68,59406.634987457626,19.0,16070.420042054779,21,6,4,0.28192955175156076,Master,Mortgage,1
25,32630.593489622344,24.0,,25,1,1,0.5308590342884758,High School,Own,1
44,,39.0,5444.8742481586605,15,7,3,0.05168567991113182,Master,Rent,1
44,50889.3906722545,23.0,3886.700664865844,2,9,0,0.15853615849992353,Bachelor,Mortgage,1
51,20715.531029769078,13.0,2203.537644581948,19,5,0,0.8126930433757824,Bachelor,Mortgage,1
38,43967.45029395625,25.0,3009.434192095652,13,5,4,0.13260399074681106,Master,Mortgage,1
47,39467.23464907475,37.0,278985.0040322073,2,4,1,0.23339626945812697,Bachelor,Mortgage,0
50,46454.36129128183,22.0,,0,3,2,0.4533706056041573,High School,Mortgage,0
45,41964.71067066031,21.0,1601.5236887643064,25,9,4,0.5171208881133305,High School,Rent,1
64,123952.04921933633,18.0,1657.4746899158047,20,5,1,0.7636104796141586,Bachelor,Own,0
50,26400.282976250855,2.0,14446.959758411529,14,8,0,0.4473324266661878,Bachelor,Mortgage,1
22,27847.584873175816,18.0,15626.410723820663,0,9,1,0.7898646210355388,Master,Own,0
65,26593.702983138148,8.0,15656.799937217462,16,5,2,0.6183463070454575,Master,Mortgage,0
36,27508.805720573564,27.0,5967.319124967204,1,10,1,0.11309973942382245,Bachelor,Mortgage,1
21,26404.941148752292,19.0,6970.588182982737,28,9,1,0.15633143839283858,Master,Own,1
52,65808.76173750818,6.0,12009.525781508153,19,2,1,0.4370337254497708,High School,Mortgage,0
66,,13.0,,5,9,3,0.3968893930890396,High School,Mortgage,1
34,27299.58700741925,8.0,565.0078092334002,7,11,1,0.7435442696372946,Master,Own,0
61,23952.361840530673,18.0,6150.203460797083,28,4,1,0.5807371397973519,High School,Mortgage,0
45,45968.32163803211,13.0,2917.003818413555,15,6,3,0.3881330810022493,High School,Own,0
47,27553.600008510737,,9999.133344697064,18,6,1,0.17076028345038563,Bachelor,Rent,1
46,49834.655216559106,35.0,291358.8078047107,0,6,2,0.22683710232549514,Bachelor,Mortgage,0
63,40193.537799364356,39.0,12594.027826731633,2,2,0,0.575501018469059,Master,Mortgage,0
23,17019.719859471305,16.0,5562.285570418006,27,7,1,0.42343880489979246,High School,Mortgage,1
52,78727.87782102588,29.0,24493.46931363729,2,13,3,0.5149275088606721,High School,Mortgage,0
58,89137.80629580223,8.0,14461.214241826388,4,6,1,0.17067743530223367,Bachelor,Mortgage,1
54,26731.706648032457,32.0,13414.793755115987,26,11,4,0.6629062523445658,Bachelor,Rent,0
41,29916.014560732525,24.0,16784.660987457406,11,14,2,0.852538740855967,Bachelor,Mortgage,0
46,41895.457844261386,13.0,95592.75176385809,11,1,0,0.2579395067869006,Bachelor,Mortgage,0
66,42925.80310111758,10.0,2085.85448998781,19,2,4,0.4915142258318266,Master,Rent,0
63,50476.95307480274,34.0,14304.915410343896,12,7,2,0.9755273290209018,PhD,Rent,0
48,99220.73259636607,13.0,2666.021710082208,19,1,1,0.33324174055072764,High School,Mortgage,1
52,33240.56964818764,29.0,15781.839758745504,8,1,1,0.5950463449237612,Bachelor,Mortgage,1
50,24363.743345479266,3.0,2690.7525348821805,6,1,2,0.09019570020024437,Bachelor,Mortgage,1
69,18221.18825930335,3.0,4910.641302044023,3,8,1,0.6060150024794432,PhD,Mortgage,0
38,25198.379856626907,27.0,,18,4,2,0.08963177330461791,PhD,Mortgage,0
49,35718.9455101807,7.0,26133.676872455242,21,4,2,0.959235435323822,High School,Mortgage,0
40,89079.00323490324,1.0,24395.28933814885,18,13,1,0.7156626520723114,Master,Mortgage,1
50,28034.589063855066,21.0,1817.358129409349,5,2,1,0.7881597881357064,Bachelor,Rent,1
20,40615.05037621267,15.0,8655.246373183758,26,11,5,0.7041043607716369,High School,Mortgage,1
35,36018.52080545014,28.0,3458.2023267825375,12,11,1,0.5897290360764658,High School,Mortgage,0
42,65788.25702519742,,1789.6835709269203,10,11,6,0.44991278108550536,Bachelor,Mortgage,0
59,128471.99385845833,11.0,6245.269271039605,12,1,4,0.8583733797610624,Bachelor,Mortgage,0
48,27849.369711068113,,5596.074528402827,12,12,2,0.956835667543063,High School,Own,0
20,28432.276597691867,10.0,149053.38116432828,27,10,1,0.4990361729040813,Bachelor,Rent,0
57,61210.892735349524,20.0,13623.503660703751,24,9,1,0.931535049155262,High School,Rent,1
63,51069.65401067883,20.0,1551.3161817329042,21,7,3,0.5833329099885175,Bachelor,Rent,1
41,91432.26124816583,4.0,4114.494223036633,27,4,2,0.5383841868964332,Bachelor,Rent,1
67,48628.45306856888,19.0,27602.45382663143,19,12,1,0.4544827329553567,High School,Mortgage,1
49,30343.99609283812,36.0,99322.88904447969,14,6,4,0.20928776153011985,Bachelor,Rent,0
64,48792.28159749091,2.0,1208.1191712360205,20,14,2,0.0037196608180591895,High School,Rent,1
39,63218.47038037608,32.0,849.0267876646003,12,2,1,0.24150622685606127,Bachelor,Mortgage,1
40,54734.03957666668,8.0,76508.58306477136,21,7,3,0.5097231716035652,High School,Mortgage,0
19,46799.93137477252,8.0,12932.994172777444,10,2,2,0.37995995225975254,Bachelor,Rent,0
44,61903.83086948253,,2858.489798158435,18,10,4,0.4484852280026338,High School,Mortgage,1
59,65163.04516130007,34.0,15391.257052885563,7,8,4,0.9806482195640496,Bachelor,Mortgage,0
19,72480.98245870044,16.0,342.7847548081648,19,8,1,0.3502723706693276,Master,Rent,1
43,50229.35741426851,33.0,8135.972908696276,7,1,4,0.4521829393601079,High School,Rent,1
34,33404.33496257603,23.0,12008.68488498436,9,13,0,0.13351555135281956,Bachelor,Mortgage,1
57,39079.63800597911,31.0,24566.13549037222,25,8,3,0.04795773243698764,High School,Mortgage,1
50,66386.86391277773,0.0,2400.2420303940808,15,2,3,0.7754095145924946,Bachelor,Mortgage,0
26,24137.74711542898,7.0,8980.623524488454,18,6,2,0.5706831750719786,High School,Rent,0
60,43666.506887187825,22.0,2669.083539203033,25,13,3,0.760704806043895,Bachelor,Own,1
65,29831.81122303493,39.0,11008.913114439065,22,1,1,0.14986279888655163,Bachelor,Mortgage,1
56,36841.212833220234,11.0,2767.181060079012,10,5,4,0.5718287711826909,PhD,Rent,0
46,68818.36567875491,11.0,4965.548248331101,12,11,3,0.25364247434137555,Bachelor,Own,1
59,39956.6155811786,14.0,2452.88834687054,27,7,0,0.22806181690001992,Bachelor,Mortgage,1
43,37168.55079919625,18.0,17700.77123459033,8,13,2,0.011526014052985256,Bachelor,Own,1
52,18399.37415144243,25.0,22700.47980404074,19,10,1,0.1303407235690719,PhD,Mortgage,0
67,52739.85882081695,28.0,6114.726469508756,23,1,0,0.30926811149969535,Master,Mortgage,1
42,50148.410128801705,21.0,8483.56120416888,18,2,3,0.11687876059093905,High School,Own,1
41,107111.68580620854,39.0,1424.6626138216766,15,7,1,0.9858584404109375,Master,Mortgage,1
30,31135.716587025807,20.0,5655.52386863805,6,6,1,0.30863264852395067,Bachelor,Rent,1
24,40520.98081748859,,7629.323518111294,18,3,1,0.13032394670232816,Master,Mortgage,1
53,41138.176660003104,19.0,188141.8933959319,11,14,4,0.19908231282795774,Master,Rent,0
62,79915.62262650243,28.0,2133.7570306375055,14,10,3,0.5877032283414765,High School,Rent,1
37,34625.72679734994,3.0,46958.179490053466,22,2,0,0.06404352386478851,Master,Mortgage,0
18,41752.339426849,6.0,26801.966164608228,13,10,1,0.8624341301411569,High School,Own,0
25,49214.73034166262,27.0,,10,4,4,0.9614996792371473,High School,Mortgage,0
63,39867.014694124235,27.0,,25,3,2,0.24674742066738087,High School,Own,0
33,29050.27395570967,3.0,12664.100876347151,9,7,1,0.45009526859085935,Master,Rent,1
31,40016.41390090404,21.0,12925.934969181926,26,8,2,0.02213445102949707,High School,Mortgage,1
29,62119.54016879225,11.0,7602.673314856015,10,2,1,0.6407102247272215,High School,Own,0
68,21736.373844771504,2.0,35181.74640003392,5,10,3,0.41392605805258886,Master,Own,0
40,38812.00314098725,,30205.009907248215,1,7,3,0.2700584661015557,High School,Mortgage,0
32,25589.55635965229,1.0,3824.516201544232,10,8,6,0.20683711061660848,High School,Mortgage,0
45,66007.47779153909,23.0,1663.8731166847404,18,6,1,0.6540230776587604,High School,Mortgage,1
51,16956.50046602461,33.0,6351.353603814938,5,6,3,0.41621703103231444,Bachelor,Mortgage,0
19,27461.4663219283,26.0,3102.469613159513,13,10,1,0.17965928902991202,Bachelor,Rent,1
49,43853.33008368643,,,19,1,4,0.689109081486824,High School,Mortgage,0
40,79440.37463182965,7.0,35772.17950988734,5,4,2,0.5650722830366937,PhD,Own,0
39,35141.036916664205,22.0,4680.864124692915,16,14,3,0.8586720549294962,Master,Mortgage,0
68,27512.624104178954,37.0,,9,1,1,0.1174758988764929,Bachelor,Own,1
42,93020.81224881035,5.0,8687.385255363202,27,4,2,0.7856666019444561,Bachelor,Mortgage,1
39,17605.965100911297,21.0,22429.157346121592,0,2,2,0.673516786817259,Bachelor,Mortgage,0
39,12095.599910498588,24.0,546.6084864268938,2,11,2,0.11501093682809782,Bachelor,Mortgage,1
66,45252.22978934838,17.0,3912.6088137456595,7,13,1,0.6948207298717207,High School,Mortgage,1
69,28253.507490512427,16.0,10441.467646629426,7,5,4,0.4415472888798304,High School,Mortgage,0
59,21793.86073455788,11.0,34203.893024981495,26,10,1,0.9449847855558431,Master,Mortgage,0
23,51749.92302307387,5.0,4490.4898060446685,19,14,1,0.1416113506178993,High School,Own,1
32,41023.50019145881,,852.4689214787567,21,9,2,0.642833390815738,Bachelor,Rent,1
60,27390.75110913645,26.0,17045.708244475427,14,11,2,0.38198004546294595,Master,Own,1
54,19145.975208976,7.0,3780.3245072558407,23,12,5,0.9568146705908778,Bachelor,Rent,0
50,56175.08803115551,18.0,1943.7998251011531,6,10,0,0.32997489529027646,Bachelor,Mortgage,1
25,50266.82465964503,0.0,3830.633726572595,10,3,0,0.9621859094918002,Bachelor,Mortgage,0
61,34558.61227770851,28.0,6493.581917725925,6,8,2,0.9014858511007491,High School,Mortgage,0
61,91429.04610347592,34.0,3921.8015353407923,28,3,1,0.27038323531065633,Master,Mortgage,1
22,,39.0,574.3969635843616,3,6,4,0.8035417768264277,Bachelor,Mortgage,0
56,16936.68764473923,13.0,23777.129119260444,24,4,4,0.995604201803506,Master,Rent,0
21,25694.852655863637,34.0,37415.86343666633,11,8,2,0.25266300217128235,PhD,Own,0
23,35497.125197143,19.0,17708.966808027744,25,11,1,0.43677716932331967,PhD,Own,0
62,41014.03994132418,12.0,2068.9100371696445,5,6,1,0.5201807365667597,PhD,Own,0
49,32189.061571494574,37.0,6362.713137166578,13,8,4,0.2949311358038643,Bachelor,Mortgage,0
69,43305.18696939478,,8039.920079192396,11,1,1,0.01526483964602976,Bachelor,Mortgage,1
47,19423.331710237468,19.0,16623.178032266565,10,6,8,0.22012924419752666,Bachelor,Mortgage,0
64,74748.34137448318,32.0,18070.003665959273,18,1,0,0.28193688434175845,Bachelor,Mortgage,1
52,34854.042646792455,25.0,3357.632667748234,20,1,1,0.44359970131818716,Master,Mortgage,1
57,63490.64910155934,38.0,8940.928015949667,4,8,3,0.17110247841340187,High School,Rent,1
69,43103.63766838344,20.0,14026.960202913198,13,7,1,0.8732543566916726,PhD,Mortgage,0
33,45632.5524153427,8.0,46489.733700998026,20,3,3,0.7049111327313361,Master,Own,0
30,48285.357682847585,23.0,18871.494741086855,23,6,2,0.08520047755966198,PhD,Rent,1
67,45426.65289793077,36.0,20886.703197740742,15,9,2,0.6500924511399314,Master,Rent,1
59,50079.21746403624,16.0,8960.595389795335,24,7,1,0.6536564764056204,High School,Own,1
47,70585.23496006273,23.0,44026.67478158796,12,12,2,0.9562211736436277,High School,Own,1
36,40065.08696672844,20.0,13249.503448820135,24,3,0,0.0030208713561612477,High School,Rent,1
34,51766.674862655214,38.0,2883.3108334272015,28,14,1,0.2479324498058072,High School,Mortgage,1
36,34722.117431894665,38.0,43653.727995008776,21,14,0,0.9277914793753155,Bachelor,Mortgage,0
45,74612.14747526158,12.0,18722.549407306877,21,13,5,0.932133915398283,Master,Rent,1
43,25894.9655625828,10.0,4761.638804565443,24,6,4,0.7205864193706374,Master,Rent,1
54,89363.73378117668,18.0,4557.859749376853,19,11,3,0.76576332104754,Bachelor,Mortgage,1
43,35593.59641501701,10.0,11566.75893320197,21,4,1,0.09148295792964711,High School,Rent,0
40,17758.373833785125,12.0,14126.69790311924,3,14,2,0.5138758347782336,High School,Mortgage,0
26,38717.70265818807,0.0,10267.621905998925,10,13,1,0.2315829912889994,High School,Mortgage,1
29,25834.708855174344,39.0,11773.074818279827,16,3,4,0.18121804361361726,Bachelor,Own,1
18,55288.58653819568,18.0,62314.464294653604,6,9,1,0.8103032991233325,Bachelor,Rent,0
18,26204.541393257085,11.0,29314.917134924326,13,10,0,0.13503813668054743,High School,Rent,0
64,29053.90810117481,,10185.930756555823,25,2,3,0.46865163699638523,Bachelor,Rent,1
51,14118.335681631583,7.0,25073.648095022807,10,1,1,0.938578239586033,High School,Rent,0
49,28965.09723117103,11.0,2347.1833546044154,27,14,3,0.18583205556534255,Bachelor,Mortgage,1
65,10808.199485588577,32.0,13062.652195065482,21,2,0,0.9779934237382346,Bachelor,Rent,0
42,16449.470845957505,25.0,71052.0239701036,8,7,2,0.994287985761059,Bachelor,Mortgage,0
57,53114.61092650957,38.0,6237.563532188795,22,10,2,0.5556171546824029,Bachelor,Mortgage,1
62,53793.07817015857,27.0,2930.2390498338827,12,1,1,0.17014274017715791,PhD,Rent,1
18,44924.05969548011,,3705.2030245873234,22,6,3,0.31610488794089564,High School,Rent,0
33,22393.1845063287,7.0,2191.7166083303896,17,14,3,0.42449283267653515,Bachelor,Rent,0
56,35459.42350667298,24.0,3159.8685583176853,27,7,1,0.30932422435822293,Master,Rent,1
22,36250.14754403145,26.0,5194.679884397277,10,9,1,0.2806355798765158,Bachelor,Mortgage,1
39,20349.622806742045,22.0,1500.1487922222132,14,14,3,0.9722297092163575,PhD,Own,0
46,77010.66139169509,29.0,8256.384020408996,24,8,1,0.15336482741574564,Bachelor,Mortgage,1
20,56313.02545084929,22.0,23926.277443033454,25,6,0,0.7333279087168623,Bachelor,Own,1
29,32516.987142823287,19.0,,24,3,1,0.00041028943917487126,High School,Own,0
43,36806.98513137267,17.0,50168.404162424,21,8,3,0.5961826694023769,Bachelor,Mortgage,0
33,40303.41178278372,17.0,14957.23646566434,28,7,4,0.9159430039540524,High School,Mortgage,0
68,13083.832226639086,,27908.782486814827,18,3,2,0.287934094093219,High School,Rent,0
54,32093.580629812805,3.0,3679.744264395586,0,9,0,0.1855259752577192,Bachelor,Rent,0
39,25822.66506105429,29.0,22593.78782510436,3,12,2,0.651679794878427,Bachelor,Mortgage,0
46,22008.631472457702,32.0,2185.673547003417,13,2,1,0.7126014072983932,High School,Own,1
31,31553.817326206834,35.0,23583.368099117393,13,3,3,0.6880305189519813,Bachelor,Own,0
45,89218.46139139317,17.0,9958.753655436161,2,2,2,0.31931688002137404,Bachelor,Mortgage,0
22,50032.16765430499,36.0,,29,13,2,0.2522024021593309,High School,Own,0
64,27293.681434767037,18.0,1976.9024376146604,27,1,2,0.9559187999620442,Bachelor,Mortgage,1
66,48353.37928975502,27.0,2768.0992969454683,16,4,0,0.9232995082699295,Master,Mortgage,1
47,73106.8770272448,39.0,16591.965678400913,2,5,3,0.4573166098928203,Bachelor,Mortgage,0
63,57659.87719955253,19.0,2596.6628878294173,15,13,2,0.8461938661543734,Bachelor,Mortgage,0
69,37414.55897125252,32.0,14127.062322913565,13,6,0,0.45232347763429603,Bachelor,Mortgage,1
22,26279.162694397917,11.0,1570.9481484172754,29,5,2,0.4243890180725104,Bachelor,Mortgage,1
29,51488.39167146181,14.0,22422.250152134853,19,1,2,0.15676294759929466,PhD,Mortgage,0
33,44211.609533720846,38.0,1846.3611262371714,28,3,2,0.42640605649197283,Bachelor,Own,1
43,56817.32694357313,1.0,15721.113946596886,12,1,2,0.537416938599807,High School,Own,0
43,49890.500897411155,28.0,17167.221543354557,14,11,3,0.022504327428686466,Bachelor,Mortgage,0
65,61376.134991539126,9.0,3511.764223225563,13,5,1,0.4441130051754064,Master,Mortgage,1
38,27788.634752053775,1.0,16292.039292007437,23,5,2,0.7813562183952003,High School,Rent,0
56,70171.46548563796,10.0,11075.94275616141,24,12,2,0.6800460563742698,PhD,Mortgage,1
53,40086.69658819762,12.0,4244.544424827776,18,11,3,0.635156988863935,PhD,Rent,1
50,102501.26677991121,9.0,2415.675842998259,5,13,2,0.9095554284372025,High School,Mortgage,0
47,25729.82466812902,13.0,768.8140786534557,9,6,4,0.01803200982523001,PhD,Mortgage,0
54,86507.11134162245,17.0,12327.40432246909,26,8,2,0.5570475861922342,Bachelor,Mortgage,1
40,40092.93413790708,8.0,1239.219065564419,14,10,1,0.7873488484097071,Master,Rent,1
27,26220.347178043186,38.0,9085.300341430515,20,12,1,0.5413353827012672,Bachelor,Mortgage,0
22,,27.0,5906.815547318676,21,1,0,0.32389555258037916,Bachelor,Own,1
53,30940.656608709876,2.0,18305.765255998904,19,4,2,0.13625056509197786,Bachelor,Own,1
51,44895.056758362276,19.0,5639.470181404128,25,10,4,0.8875630718161913,Master,Rent,0
69,47165.48924195996,5.0,5457.044688632424,5,11,1,0.470762392387603,High School,Mortgage,0
48,27259.299230195345,26.0,19501.46451657763,22,1,0,0.8781151969857014,Bachelor,Own,0
27,35875.95969805843,1.0,12113.425172358287,24,9,2,0.5858521224331683,High School,Rent,0
36,105993.72564414641,,11841.755293846349,9,11,0,0.6741921166150008,Bachelor,Mortgage,1
49,86143.65469126306,37.0,14230.190920727273,6,7,0,0.80426115437845,Bachelor,Mortgage,1
18,45168.798773501156,2.0,1283.458225116848,21,7,3,0.6591555446001344,Bachelor,Mortgage,0
22,37012.15825310853,15.0,20093.394656513152,16,12,2,0.3980548406789377,Bachelor,Mortgage,0
62,38561.73194720667,29.0,16898.202812762567,17,5,3,0.513633383928651,High School,Own,0
21,49353.25432049793,39.0,,16,7,1,0.8030455246758799,High School,Mortgage,1
33,21776.87089430248,1.0,6045.705302479292,8,12,1,0.3736502963729842,High School,Mortgage,0
41,,16.0,,9,2,2,0.3881214567684971,Bachelor,Rent,0
33,15767.528768198938,11.0,6895.359021588901,9,14,4,0.09569011605800115,PhD,Rent,0
19,44338.6289455857,34.0,12096.02251627653,24,13,3,0.9145844352217477,High School,Own,0
66,50191.34948682988,0.0,45145.240508634604,6,4,1,0.09103631494544173,PhD,Own,0
45,28521.308936101857,14.0,29676.776212579625,15,14,4,0.6482091774485559,Master,Mortgage,0
49,79777.22818664066,25.0,1677.9648980421132,28,14,1,0.4131944788027977,Bachelor,Mortgage,1
44,19675.257650007192,36.0,17094.020250270285,17,7,3,0.40561939025544236,Bachelor,Mortgage,0
37,17462.527177431544,20.0,39923.48329240396,5,3,1,0.6795518365726839,Master,Mortgage,0
41,40628.53410816108,30.0,12889.524740202945,26,2,1,0.06709373262987872,High School,Rent,1
29,61300.86000713549,24.0,30006.71623905164,19,10,2,0.5937057829514346,Bachelor,Mortgage,0
67,84285.39222238438,22.0,90646.6748973255,0,2,3,0.7720317859723548,Bachelor,Own,0
52,28869.988333882196,23.0,27679.61374481362,0,13,1,0.8282127578865942,Bachelor,Mortgage,0
50,62276.561663928005,37.0,,11,1,3,0.1705303893937753,Master,Rent,1
50,35622.964006734896,27.0,28398.913571749254,20,5,2,0.8974190500781737,High School,Mortgage,0
68,33312.44567140058,20.0,9641.82224896472,27,12,2,0.6561460918474422,Bachelor,Rent,0
60,56490.62469382744,17.0,8338.875481772187,1,6,2,0.8818548008206828,Bachelor,Rent,0
54,50320.17852724241,35.0,5315.077739711641,3,6,0,0.48528071711019827,Bachelor,Rent,1
29,16511.360225672073,34.0,,16,9,5,0.542033345097202,Bachelor,Mortgage,0
20,75983.4000383308,8.0,3034.7538635174537,3,4,2,0.9190382770286711,Bachelor,Mortgage,0
18,72406.0890019091,37.0,50962.2922001282,10,1,2,0.8999095433546718,Master,Own,0
50,,29.0,14762.374341881288,21,6,0,0.448160873369002,Bachelor,Mortgage,1
57,44262.88377075306,33.0,1511.4618744322868,25,5,4,0.27441263163568175,Master,Mortgage,0
27,46491.04968430388,31.0,12596.561408280002,3,10,1,0.39317043456426415,Bachelor,Mortgage,0
60,41371.060055976326,2.0,651.9502079385529,0,6,1,0.38776432852974974,High School,Mortgage,1
61,27580.035074335603,2.0,17164.689561860323,6,3,5,0.28686687498279395,High School,Rent,0
46,25956.784928833233,27.0,23441.840953688035,29,2,0,0.26857960433296657,High School,Own,0
30,35854.44992353604,14.0,3980.5403413336035,17,6,2,0.8610629364797194,Bachelor,Mortgage,0
29,65275.0075759705,22.0,9398.04751155815,8,13,1,0.06986192068466168,Bachelor,Mortgage,1
48,47657.72794203482,39.0,84540.7478762362,28,1,3,0.6776111820995941,Master,Mortgage,0
63,30172.700390264956,10.0,4416.505073238625,2,7,2,0.1728200514564523,Master,Mortgage,0
19,53415.13198564667,31.0,,7,7,5,0.34450589339406323,High School,Rent,1
68,8740.552569316042,35.0,47953.93218798016,28,10,3,0.06154303413483686,High School,Mortgage,0
67,64497.57145316192,32.0,85400.27745311962,23,13,2,0.26997363685546205,High School,Own,0
52,15216.61361013713,,8139.099336208953,18,7,2,0.7684210711172421,Bachelor,Mortgage,1
40,30296.25932629014,38.0,27275.813674174955,3,12,1,0.8850153245472586,High School,Own,0
34,20747.168379057013,33.0,40528.92106582715,17,11,0,0.22152715190236705,High School,Mortgage,0
43,19008.837130319607,27.0,3324.3150137147672,19,10,1,0.46354783925892185,PhD,Mortgage,0
25,64887.70203103506,36.0,4526.177293070713,26,1,3,0.4703240479372064,Master,Own,1
46,,6.0,35491.53214152218,10,4,1,0.8735753057597342,High School,Rent,0
43,43185.14895184159,3.0,61207.01795848011,26,13,1,0.7627990528758054,Bachelor,Mortgage,0
27,35473.4465316931,36.0,15921.999244671511,13,7,0,0.5130772183680499,Bachelor,Mortgage,1
43,,0.0,2819.240427774824,24,11,2,0.6707472004717734,Master,Rent,0
51,37737.55175758407,0.0,87945.56601345849,17,9,3,0.8473550539093668,Bachelor,Mortgage,0
68,19120.26197065685,19.0,4284.8247110646935,27,5,4,0.009538954025544943,High School,Mortgage,1
58,59762.485465116995,18.0,5419.910940161975,27,13,2,0.4028900310500486,Master,Own,0
24,28370.9697206613,28.0,12219.70878451918,28,2,3,0.9072431672770787,Bachelor,Rent,1
21,16675.720040149572,9.0,52312.59822339695,15,7,3,0.7403130308439514,High School,Mortgage,0
67,29317.574266652195,17.0,22578.901152048944,2,10,2,0.5428413743340746,Bachelor,Mortgage,0
62,76909.13163455467,27.0,13330.882305394667,14,1,3,0.5296445270351334,Bachelor,Mortgage,0
28,55554.00396548048,34.0,14128.456529649893,26,7,0,0.3477700976044378,Bachelor,Mortgage,1
46,30505.855653154762,30.0,8537.449616033635,26,6,2,0.5205205336415145,High School,Rent,0
53,30496.620337242824,26.0,15831.666425487598,3,7,2,0.6553831994634532,Bachelor,Own,0
42,30920.741213537327,10.0,389.36916612573447,4,14,4,0.4183630384287931,High School,Rent,1
38,102577.51049948523,37.0,5676.391719023161,16,13,2,0.714153146392174,Master,Rent,1
53,,4.0,10824.705228757226,6,10,2,0.8612322272603858,High School,Mortgage,0
27,45027.145652274325,7.0,2036.08291165201,15,3,2,0.15468484818486117,High School,Mortgage,1
54,60787.63812782903,33.0,12882.022083206879,13,3,2,0.4515470228174244,Bachelor,Own,1
26,40920.83311708051,11.0,6340.003090024079,25,7,1,0.4080200912850811,Master,Rent,0
41,31903.752883040208,37.0,66607.39177474448,15,13,2,0.6874648040497281,Master,Mortgage,0
52,32919.65173018358,0.0,53509.99138234775,6,2,3,0.24986746525792936,Bachelor,Mortgage,0
66,35038.3820738561,30.0,4633.340221286681,8,1,1,0.6402509149522763,High School,Mortgage,0
52,35645.88109089143,3.0,6761.464219633268,3,9,3,0.877489241731488,Master,Mortgage,0
65,52251.02421409062,4.0,7415.019773591264,29,9,3,0.4181315997936227,Bachelor,Mortgage,0
53,37271.07899815764,29.0,4712.663983018963,29,7,1,0.91101569997922,High School,Mortgage,1
35,52382.091079942235,23.0,,21,7,1,0.9931637389334784,PhD,Rent,0
66,34879.05239033944,2.0,3261.888226725142,10,3,4,0.10609204994795207,High School,Own,1
56,37771.78200992159,10.0,2086.5381792167736,1,10,2,0.23305318798485863,PhD,Own,1
49,13371.751419424128,3.0,17107.178824306553,11,2,1,0.9503797514820932,Master,Mortgage,0
41,,25.0,17247.724506061488,11,11,1,0.9583276864813868,Bachelor,Mortgage,0
40,43184.816301532344,26.0,3086.5865669647787,29,7,0,0.0977072753867585,PhD,Mortgage,1
49,59814.59985841763,26.0,23728.366660640484,3,9,2,0.014998500377136681,Master,Rent,1
54,8534.50221639942,5.0,3797.5322429309103,17,1,3,0.16110002325642225,High School,Rent,0
29,103175.56723393573,14.0,10979.643930764558,25,13,2,0.9960127833822483,Bachelor,Own,1
66,33867.29864027737,29.0,21685.79713064866,20,14,1,0.17999961661068686,High School,Rent,1
30,63202.01157638909,36.0,7782.749199949276,6,4,1,0.5025476067220231,Bachelor,Mortgage,1
40,21591.328104971148,36.0,13984.279636285732,28,6,4,0.848417726430511,Master,Mortgage,0
42,49334.89665512456,36.0,4360.248923829981,0,7,1,0.02040161068820634,Bachelor,Mortgage,1
52,21445.97408537873,,6401.195827151565,25,10,1,0.6044889822584595,Bachelor,Mortgage,1
58,26585.348098656552,22.0,6329.450376070867,25,7,3,0.2770254488696243,Bachelor,Mortgage,1
47,94562.44386797021,5.0,3308.0229179302873,22,10,1,0.8623349164397316,Master,Mortgage,1
34,33013.06923987234,3.0,6554.263312254336,25,2,1,0.28346114926407917,High School,Rent,1
66,40486.19928344646,,1263.5216244003404,12,14,3,0.6867557202819089,Bachelor,Mortgage,1
37,56108.01018387305,8.0,4494.526056561833,5,4,2,0.6742196324473969,High School,Mortgage,1
65,46529.460215469204,28.0,5756.871178667639,5,5,2,0.22149354885964,Bachelor,Mortgage,0
42,39152.104414190515,12.0,5958.5610539321915,11,14,2,0.03479919986835012,High School,Rent,1
39,43585.53033624188,16.0,6064.4738451179755,7,12,2,0.4092495737853973,Bachelor,Own,0
30,120777.80239857307,31.0,7524.223990909918,23,1,3,0.2891931519658697,High School,Own,1
36,35284.201793462,21.0,14404.988104134754,21,1,3,0.8089777496137086,High School,Mortgage,0
66,40156.898522480304,3.0,23142.371698744373,18,10,5,0.8003641884553453,PhD,Own,0
53,61409.952756099156,4.0,3715.549008453932,4,3,1,0.4570239521926255,High School,Mortgage,0
29,63118.10712012998,36.0,1912.485480034461,17,10,3,0.6065122253232189,Bachelor,Mortgage,1
58,65743.43865757424,12.0,2320.5202966368233,29,3,1,0.6042595159869252,High School,Rent,0
36,49979.34559743412,33.0,4515.885156403431,4,12,0,0.8271581484276234,Bachelor,Mortgage,0
29,20506.507292002003,21.0,5311.844506564191,29,8,2,0.4250024141231975,Bachelor,Mortgage,0
26,82183.98777549647,22.0,,24,9,3,0.2754466797905091,Bachelor,Own,1
24,20472.285087912926,2.0,1710.703559015628,9,14,1,0.26503491814054747,High School,Mortgage,0
45,42248.22975508182,33.0,4687.501578526712,0,11,4,0.5361922792822041,Bachelor,Rent,0
31,24905.951625352995,31.0,10073.988090838253,9,12,1,0.44914820273221256,Bachelor,Rent,0
48,35169.370506085244,20.0,16548.245432180967,4,1,0,0.4401207709849362,Master,Mortgage,0
69,42803.75901436588,20.0,4150.949309198179,11,14,2,0.09113733908970723,Bachelor,Mortgage,1
36,42645.566967846724,,,21,11,0,0.7186037406901956,Bachelor,Mortgage,1
64,44844.68602177073,38.0,2665.00717627711,29,2,4,0.2137366879819107,High School,Mortgage,1
33,81377.62479445782,3.0,7803.07367185344,26,10,1,0.19695363020872136,High School,Mortgage,1
22,45559.16777200499,0.0,2927.4459690923727,6,2,2,0.41275832027739345,High School,Mortgage,0
52,32142.090552037593,27.0,16118.990272065676,8,4,1,0.22777834161780142,High School,Mortgage,0
29,58808.61190573122,23.0,950.4734317582512,21,2,1,0.5838582673080154,High School,Mortgage,1
42,65823.7006337631,,5262.93635862708,20,7,1,0.3714633393344715,Bachelor,Own,1
69,19657.143584564037,12.0,11629.832081659386,11,13,2,0.4489117225927901,Bachelor,Mortgage,0
38,48957.11720936124,33.0,10103.138726854575,22,9,1,0.5371693216040289,PhD,Own,1
53,51564.37835700541,10.0,205179.4819488312,28,7,2,0.20353552248180484,High School,Mortgage,0
40,31295.1448636761,35.0,12329.62311863385,0,12,3,0.1557516228655298,Bachelor,Own,0
33,72247.52914146282,16.0,2428.7560308316047,10,6,4,0.8804219028736048,Master,Mortgage,0
56,33690.534667343534,34.0,7226.014392656552,29,10,2,0.43372370283142103,Bachelor,Own,0
62,38668.7951441088,17.0,961.5094562176841,20,1,2,0.41209360963253916,High School,Rent,1
59,33305.04239765119,39.0,7356.06410869969,14,11,3,0.03561215027284148,High School,Mortgage,1
56,36599.48776467125,21.0,2981.950010989279,1,10,3,0.4979763025873932,High School,Own,0
31,20991.281347163476,23.0,24305.752523436524,19,9,2,0.5541697216110001,Bachelor,Mortgage,0
48,17676.203141752765,18.0,4190.400824385477,6,5,3,0.5588408709546665,Master,Rent,0
22,80599.8874113706,36.0,7043.643803996392,20,11,1,0.7070311693228843,High School,Rent,1
52,23778.07759778317,38.0,3779.43796221816,11,5,4,0.17748183499101178,High School,Rent,1
40,22121.468145058498,20.0,65291.792760261,21,6,0,0.2522231342306188,Master,Mortgage,0
46,12373.40812994015,,5511.040267785632,17,9,5,0.8107304652304127,Master,Rent,0
60,26384.160450981108,27.0,73062.3490501535,2,13,2,0.947170616843394,Bachelor,Mortgage,0
28,18740.741134876847,,21525.25367891474,6,8,1,0.13593274736732064,Bachelor,Rent,0
35,82537.46414285856,16.0,14450.438987002259,10,8,1,0.4976495545052182,Bachelor,Rent,0
64,60168.7590942088,36.0,12612.955472326887,17,14,1,0.21417625273958685,High School,Rent,1
29,25743.175128574745,35.0,12998.077720541256,11,8,2,0.06007316835498244,Bachelor,Rent,0
26,111995.94034180824,18.0,801.7468460916771,5,1,1,0.3255033381261354,Bachelor,Mortgage,1
27,59330.73476169335,26.0,5798.415253351908,4,1,4,0.14368762518421274,PhD,Mortgage,1
61,30871.3641985788,33.0,22341.23974350528,25,8,3,0.7099330734342463,High School,Mortgage,0
34,10407.657815261171,10.0,,0,5,0,0.5337254136714444,Bachelor,Rent,0
55,114173.13305331378,,1500.8279235198568,11,9,2,0.14383447099031088,Bachelor,Rent,1
24,18128.014200581874,20.0,7609.210187303083,26,2,0,0.009241588405514367,Bachelor,Own,1
63,15951.380026719506,10.0,62625.424669043816,25,9,0,0.8081570490242127,High School,Mortgage,0
30,60553.661388973414,38.0,36180.30028411633,10,12,2,0.17619440616424753,Bachelor,Rent,0
57,122992.19821169607,27.0,7522.059045904413,3,14,3,0.606216642220766,Master,Mortgage,1
59,72557.6291020058,4.0,25380.568295052017,26,8,2,0.33692191307674557,Bachelor,Own,1
26,48144.13293329496,16.0,5219.68103998341,17,9,2,0.5854859383150356,Bachelor,Rent,0
67,48892.396414789015,19.0,1048.749830130328,3,4,1,0.315653626982324,High School,Own,1
44,55642.78948967107,,2672.1557275969567,16,1,0,0.08693956069225417,High School,Rent,1
19,53075.159666926396,5.0,52863.400807358004,1,1,2,0.2229500085577536,Bachelor,Mortgage,0
22,41797.66317244547,16.0,5832.542565211021,28,5,3,0.1880585664790756,Master,Rent,1
46,38257.716289798795,18.0,6050.760373815306,23,2,3,0.42801935243964384,PhD,Mortgage,0
54,35196.5531899027,25.0,5654.427606797639,21,14,3,0.6582837834261573,Bachelor,Rent,0
55,24909.8280545964,31.0,79615.48654444233,1,8,3,0.26380607494635755,Bachelor,Mortgage,0
36,31560.526633704525,5.0,57019.62001815074,11,10,0,0.012069935300617951,Master,Rent,0
25,15576.545883729268,35.0,116138.2162440274,5,11,1,0.5189373642647569,Bachelor,Mortgage,0
65,34573.064893813076,37.0,6695.197434408382,9,5,2,0.6057594893589721,Bachelor,Mortgage,0
62,22152.473649685242,10.0,11553.565695097159,24,5,1,0.9628704940018097,High School,Mortgage,0
18,20914.654016805,32.0,1312.9462552730206,22,2,4,0.5894708030932468,Master,Own,1
39,39733.38620379198,23.0,47682.575247400084,24,7,0,0.47117255937814184,Bachelor,Mortgage,0
69,,22.0,1995.5291624295146,20,13,1,0.5734016258977038,Master,Own,1
34,57478.04357551088,14.0,10510.506727105334,22,8,4,0.927900629862027,Master,Rent,0
24,16560.070715477086,26.0,2171.6379269110485,26,10,1,0.8283781456016462,High School,Own,0
42,22140.99024365615,,3997.241622764234,15,13,2,0.322978733363808,Master,Rent,0
62,58127.00250494022,16.0,2966.9360987759187,13,1,4,0.23725436365713726,Master,Mortgage,0
21,22220.183094381468,13.0,3907.0960826487717,6,2,2,0.26263361236607363,Bachelor,Rent,0
53,,26.0,4243.114184989608,27,10,3,0.504421039715213,High School,Mortgage,1
23,,17.0,4196.799315826383,27,4,1,0.7440494512285778,High School,Mortgage,0
48,22377.869317348708,,22026.48108418299,18,5,2,0.5032192071829621,Bachelor,Mortgage,1
36,,3.0,2152.02523674516,22,13,1,0.06779639582811259,Bachelor,Mortgage,1
61,18638.549199039306,6.0,10558.111567324708,16,2,3,0.7235807004399809,Bachelor,Rent,0
56,26884.795373145553,34.0,34945.709630268546,8,1,3,0.8059701286709539,High School,Mortgage,0
44,42611.99081030474,8.0,4377.199269181156,25,9,1,0.28949786511971964,Master,Rent,1
27,16374.870191479922,7.0,3423.7692090908745,12,14,3,0.6641257392833504,High School,Mortgage,0
43,45262.645514930475,16.0,6144.855150437221,21,1,3,0.4265919010543934,High School,Mortgage,1
36,35960.66929199006,16.0,33378.599832399064,4,13,3,0.8891193557274428,Bachelor,Mortgage,0
56,,32.0,10228.458436730296,22,4,2,0.8452255581607399,Bachelor,Rent,1
20,40617.61290983798,,4283.573398687411,4,2,0,0.5254319983096423,High School,Rent,1
62,71830.91367752625,7.0,14481.858127447133,9,11,4,0.6915055458135945,High School,Rent,0
30,38661.99098565868,18.0,2158.673993338129,20,4,1,0.883349701022104,High School,Rent,0
67,29298.664959280082,37.0,18354.524916352497,26,8,2,0.4957170100782755,Master,Rent,1
45,38605.45055282949,2.0,13231.144605031564,9,8,2,0.31325074048882195,Master,Mortgage,1
37,47650.52917695645,4.0,5600.6045969314755,26,11,1,0.7536661379095813,Bachelor,Rent,0
45,37213.617502156245,12.0,2962.228222111189,6,12,2,0.22006625478469177,Master,Mortgage,0
25,37060.08693406357,30.0,2796.1056625740725,25,9,6,0.38853114800604205,Master,Mortgage,0
58,25565.630148778277,15.0,15394.734334725941,14,13,0,0.8657272371067937,High School,Mortgage,0
56,26070.23552518611,31.0,35410.95813252603,6,11,4,0.7244223402693151,PhD,Own,0
18,18010.268818008204,21.0,3771.5098974539296,28,12,2,0.40381100524749924,Master,Own,0
20,,28.0,14045.594182408942,26,5,1,0.2147445024083574,High School,Own,1
30,19498.023536345223,21.0,662.1999685881277,14,7,2,0.3559683908322365,High School,Rent,0
45,25682.045321343427,2.0,4017.675269669863,2,3,4,0.284104149227433,High School,Mortgage,1
66,25356.651652790082,9.0,7806.634909768021,18,10,1,0.17608928794385392,High School,Own,1
42,56809.68998419064,20.0,2719.980253774053,9,4,2,0.7433329135656567,Master,Mortgage,0
50,31336.071618770522,15.0,2633.824760407935,27,10,2,0.2520698868501715,Bachelor,Mortgage,1
55,67769.73828677398,11.0,,28,9,5,0.4541674701677638,Master,Mortgage,1
23,25932.56225291026,,11506.084644987453,14,10,1,0.38585944683610907,Master,Own,0
61,41751.768184715365,23.0,6471.7716665222015,2,10,0,0.9820773786356308,Bachelor,Rent,0
62,23916.562113186574,34.0,552.3172006035658,5,14,2,0.3910922441482205,Bachelor,Mortgage,1
49,106146.40123157945,29.0,635.975357702004,11,12,1,0.0799824827967548,High School,Own,1
62,20054.33844220897,29.0,3911.8347426806945,14,1,0,0.08982575257208403,Bachelor,Rent,1
64,42400.28467003848,34.0,14033.798858463213,5,2,1,0.5907537213530648,Bachelor,Rent,0
38,,,299.7636074067735,12,5,1,0.5993635517382656,High School,Rent,1
33,44662.948699329674,7.0,4448.5068904347745,28,3,2,0.41875899048265497,High School,Mortgage,1
38,33102.23794003913,25.0,4309.178545232019,18,2,2,0.4318436923120297,Master,Rent,1
28,34033.12690983473,39.0,42873.3343121055,2,1,2,0.05393258284087121,Bachelor,Mortgage,0
54,37119.79766275063,6.0,5104.990276749556,7,10,0,0.5165465103892622,High School,Own,1
53,33742.01241772756,29.0,12830.58152111748,7,3,3,0.5047394753803517,Bachelor,Mortgage,0
52,58802.49461414734,6.0,9599.905830692538,22,1,1,0.14954931855694453,Master,Mortgage,0
36,109673.330184653,2.0,628.4900673908508,25,12,1,0.10383938611092758,Bachelor,Mortgage,1
37,27481.109147054318,0.0,20370.614179776392,19,1,3,0.12357249059949049,High School,Own,0
35,18308.093525502172,35.0,10493.12758925114,14,12,1,0.10102824649125852,PhD,Rent,1
64,34747.36343791844,24.0,14912.012387166978,3,1,0,0.6097081955367598,Bachelor,Own,1
58,131907.29824496375,36.0,901202.4874806808,18,8,1,0.19648265240291862,High School,Mortgage,0
66,24298.325464181413,0.0,664.5196658019553,20,3,2,0.25143015218746345,Bachelor,Mortgage,0
31,82417.9393468453,14.0,64192.13534202407,2,11,2,0.17357214415143973,Master,Mortgage,0
32,84023.3829077949,36.0,5739.130383590802,12,1,1,0.9578353044485031,High School,Rent,1
48,27534.798374308,12.0,11439.123962345728,7,7,1,0.8546174631518354,High School,Mortgage,0
18,48266.428680103,39.0,7672.404241234664,22,10,4,0.23049483735152088,High School,Rent,1
20,81977.35352385463,7.0,4870.32719631965,15,3,3,0.327566293922126,PhD,Mortgage,1
33,30044.53709238612,4.0,4089.591989995939,12,8,0,0.20989284230499716,High School,Own,1
40,,8.0,12033.028015858225,2,4,1,0.49187595946082374,Bachelor,Mortgage,0
28,27150.738969623097,0.0,1312.109680555096,15,4,3,0.019610532474253595,PhD,Rent,0
29,21864.544574428215,35.0,19944.226880698898,8,5,3,0.6713680088967957,High School,Own,0
27,26248.423982802655,34.0,4917.554898659203,27,6,1,0.5231581498176416,PhD,Mortgage,0
49,19693.223418089943,1.0,2087.9057167119363,13,7,2,0.8986389283011033,PhD,Rent,0
33,36939.685286444175,39.0,4721.985138754051,12,14,3,0.16439268432841414,Master,Mortgage,1
25,24711.237643402776,22.0,36628.39580457994,20,14,1,0.8041092460611317,High School,Mortgage,0
55,40818.59253154259,8.0,,24,4,0,0.7919610144667157,Bachelor,Mortgage,0
29,16681.44289884247,33.0,12458.324859510107,6,8,2,0.12718118921688693,Master,Own,0
41,42849.10838996014,13.0,3370.621639656879,14,13,3,0.3985592241441276,PhD,Own,0
45,55092.258203985824,3.0,20120.736318849704,6,6,2,0.1701526411445169,High School,Mortgage,1
25,13401.637483230888,29.0,18446.119212319318,5,14,3,0.2547205004575489,Master,Own,0
45,43784.19930960142,30.0,74483.32843696348,1,1,0,0.26324617483054435,Bachelor,Mortgage,0
53,67092.96649553417,37.0,6563.788729185548,8,1,2,0.5562363940257727,High School,Own,0
43,19834.527093735465,10.0,18076.82058186836,21,9,4,0.4114109317604655,Bachelor,Rent,0
25,83808.20500395607,34.0,9115.03974453079,23,10,4,0.9477328040063053,Master,Rent,1
67,44779.66927988708,7.0,38370.57382743433,16,6,2,0.12637014194700513,Bachelor,Rent,0
45,25527.053035030178,2.0,3420.018142508148,4,10,2,0.9736921348501988,Bachelor,Own,0
45,35316.84982441854,13.0,19811.272551279584,11,8,1,0.23063864021426395,PhD,Mortgage,0
54,48009.94501590083,12.0,6414.800930308538,0,13,1,0.7728739363818531,Bachelor,Mortgage,1
58,37722.14855311549,31.0,7502.369533824392,9,7,0,0.3389699261728214,Bachelor,Rent,1
53,47542.43673983723,33.0,9046.226435976118,10,12,2,0.1430813954173139,Bachelor,Mortgage,1
44,22917.663027066712,18.0,10967.465372055927,15,6,0,0.8578891852462399,Bachelor,Mortgage,0
34,39524.67391773811,37.0,7048.183113912748,13,4,1,0.3088608992364632,Bachelor,Mortgage,1
26,17910.5060809352,15.0,10484.52689044765,7,7,3,0.6588554042268422,PhD,Mortgage,0
50,34351.01923716274,1.0,53838.36892877068,23,9,0,0.5664436850866266,Bachelor,Mortgage,0
37,23110.58875784057,39.0,26437.523448741173,16,14,2,0.4717563093908743,Master,Rent,0
30,25140.491405343095,16.0,22993.92917129058,24,11,1,0.4958194726485391,High School,Rent,1
45,67376.16420922382,33.0,4690.772541002372,17,10,2,0.7322379140922876,High School,Rent,0
65,62671.060202271896,15.0,2787.529520778229,11,10,0,0.08777291412344057,Bachelor,Mortgage,1
46,49245.29260726198,37.0,25498.13700589624,24,14,2,0.6681806619579052,High School,Own,0
30,21032.909680046265,1.0,23184.892287613508,16,7,1,0.8958121013985787,High School,Mortgage,0
63,31001.652086265636,1.0,47439.23039801343,27,1,3,0.05778819701986415,Bachelor,Own,0
52,66605.92722824837,25.0,3925.3988733512697,25,10,3,0.14065333923366674,High School,Mortgage,0
23,38982.123834759164,12.0,6152.055998109555,13,9,2,0.7166319367020314,High School,Rent,0
35,115805.20253258791,30.0,1132.9940449013393,15,13,2,0.43728164824461757,Bachelor,Rent,0
68,44207.90594908257,33.0,5059.559346042391,13,4,2,0.40354862081368836,Bachelor,Own,1
22,39975.600450710415,38.0,26792.696553399524,8,3,0,0.13696663454423585,PhD,Own,1
64,31114.890192105122,,4629.506458333203,3,4,2,0.5067700407177881,Bachelor,Own,1
42,38823.090026811944,7.0,17475.859566393257,24,4,2,0.12654531119637724,Bachelor,Mortgage,1
19,33649.89052787322,,6447.168188254757,22,13,1,0.4766204563105404,PhD,Rent,1
27,51743.51236515805,13.0,11954.564295692468,10,10,3,0.7636152989616567,Master,Own,0
47,58591.86587855711,26.0,2044.2174541209797,5,11,1,0.2582643578871635,High School,Mortgage,1
67,24514.137471095706,28.0,8975.47682034842,14,2,1,0.4807861681797273,High School,Rent,0
62,18664.591835861767,38.0,223.77404944209945,4,14,2,0.9920159693968357,Bachelor,Mortgage,0
22,14499.904083392685,38.0,6475.1341869456855,10,12,1,0.6866504233540373,Bachelor,Mortgage,0
50,46816.71908226105,0.0,1145.3117017481159,24,14,1,0.8413567713051986,Master,Rent,1
18,20916.983108674707,16.0,,17,1,0,0.41484760656054576,Master,Rent,0
35,12376.498902343757,29.0,20596.755107511683,29,12,3,0.7678609231258553,Bachelor,Own,0
49,44103.274142163005,12.0,14185.919659196308,12,10,2,0.040509172941321836,PhD,Mortgage,0
64,126310.66653310771,20.0,50272.1976465617,10,12,2,0.12291118254224498,Bachelor,Mortgage,1
66,36205.435708331956,18.0,2594.89199681708,13,1,4,0.20307059292006213,High School,Mortgage,1
28,55229.106625003864,18.0,65962.11476592628,27,13,1,0.40195192461521956,Master,Mortgage,0
38,37832.15492046829,24.0,24800.76744686706,17,14,3,0.8457448783257632,High School,Rent,0
43,34563.55815196483,21.0,6100.546616062206,26,8,2,0.3462660507879305,Master,Mortgage,1
42,57499.88584584878,30.0,31657.93720242559,27,14,2,0.6546211935154629,PhD,Mortgage,0
39,31409.40746765433,16.0,2148.3336736312094,24,2,1,0.7093142948034834,Bachelor,Mortgage,0
44,41510.27047957907,22.0,3012.673007925977,27,12,3,0.5861823540883414,Bachelor,Mortgage,1
66,42652.82992898155,,3903.747749547609,18,10,1,0.3572419681701362,Bachelor,Mortgage,1
30,26002.67699835065,9.0,4295.085539663022,23,5,2,0.5770533417135443,Bachelor,Rent,0
50,59636.38627674121,9.0,2280.456289017131,26,12,1,0.3422655927897462,Bachelor,Own,1
51,33273.61839707682,35.0,35161.24217957128,14,4,3,0.08387373855201208,Bachelor,Own,0
58,24887.661069462752,7.0,5939.467248657435,8,8,3,0.9928039781860144,Master,Rent,0
52,47489.07301574149,19.0,12369.709266874723,7,2,1,0.1271824536325109,Bachelor,Mortgage,1
18,23173.531184235362,31.0,4087.048540521793,19,10,2,0.07234838383605735,High School,Rent,0
38,36830.831234690195,13.0,911.6681373264074,27,9,0,0.8785307492071559,Bachelor,Mortgage,1
65,36150.29910962661,,11204.478350310672,0,7,2,0.3018346608928951,Master,Mortgage,1
23,62501.62172049546,,816.7181302323723,3,13,2,0.6502969740735076,Bachelor,Rent,0
45,46043.83315549518,14.0,7462.450650625152,13,7,0,0.32900572966223285,Bachelor,Mortgage,1
34,35863.90082872287,21.0,1568.7304700006566,24,1,3,0.39145427079447115,Master,Mortgage,1
22,54659.76442236214,29.0,87968.24702434309,1,14,4,0.2621129720167965,Bachelor,Mortgage,0
48,72773.25384994513,3.0,24188.564680689502,15,12,0,0.3430440057930102,Bachelor,Rent,0
22,47997.54550048138,,9199.501249215162,2,2,3,0.4107004005865431,Master,Rent,0
55,36503.97033373881,22.0,36917.75993103987,25,4,1,0.7204160690923429,High School,Own,0
20,18846.488401515635,7.0,2934.877010753093,7,4,2,0.5115361942347918,PhD,Rent,0
40,21320.901645756847,17.0,15555.588691240244,5,11,3,0.9435652171569769,High School,Mortgage,0
54,31175.49497795976,11.0,10298.695548929261,15,14,2,0.04188039383877551,High School,Mortgage,0
54,26775.53560186501,30.0,11123.59823336611,23,3,0,0.5030683226320282,Master,Mortgage,1
27,33074.38347200652,13.0,37302.819781287435,15,7,0,0.5842247888317181,High School,Mortgage,0
27,37358.84447702196,33.0,19516.01175644261,6,12,1,0.9201969860742739,Master,Mortgage,0
36,47327.479947072745,17.0,11458.285770913211,29,8,4,0.049158523621427586,Master,Own,1
34,35057.701979798316,33.0,1112.2442239226696,12,2,1,0.573499584935216,Master,Mortgage,1
38,46316.37373369215,10.0,2560.465727327575,12,4,0,0.853629928527957,PhD,Own,1
31,37505.28770200813,11.0,6993.589898284177,4,14,2,0.24192772811923657,High School,Mortgage,1
26,13524.616072740133,14.0,9063.828206416458,24,3,0,0.8762923485239374,Master,Rent,1
63,22704.815172029645,30.0,2087.569042420098,19,2,3,0.019043409274291823,High School,Rent,0
18,33791.21789568648,28.0,,21,12,3,0.7324546291337297,Bachelor,Mortgage,0
68,19833.994304337986,25.0,,17,13,2,0.933113221168653,Master,Mortgage,0
62,49019.05431116443,17.0,16689.615597260854,14,14,4,0.6571976616400622,Bachelor,Mortgage,0
30,78071.11461783675,31.0,8834.715948596791,17,6,0,0.43902924398044796,Bachelor,Mortgage,1
21,66794.82763069829,21.0,6281.406730933586,1,13,4,0.04488101647271803,Bachelor,Rent,1
18,32639.502421904348,37.0,2585.561163665765,9,4,1,0.9201138133226288,Bachelor,Mortgage,1
66,76524.25806398116,16.0,8892.616656137385,22,6,2,0.4702962226915748,PhD,Own,1
57,39117.83298619609,22.0,11040.250923727504,12,2,1,0.02899674433594801,High School,Mortgage,0
49,30682.78461124859,23.0,1826.0077573522694,17,12,1,0.6898210713287619,Bachelor,Mortgage,0
51,26723.501633692555,7.0,12100.616741936696,14,4,4,0.4818372535762582,Master,Rent,0
45,31218.469092609048,5.0,6725.685560864659,11,11,0,0.12434531744241073,Bachelor,Mortgage,0
48,29908.906483632356,4.0,821.0885258911445,14,6,0,0.21427180931025958,High School,Mortgage,0
25,39545.536559462525,28.0,2885.743872317159,12,14,3,0.06449068045584627,Bachelor,Rent,1
56,39351.40626346117,27.0,4932.855754580178,17,5,1,0.5742935397085736,Bachelor,Mortgage,0
43,36370.85369013855,10.0,78059.38708103329,14,3,2,0.6220294792520092,High School,Mortgage,0
51,45182.67902080159,0.0,15801.556857419795,24,8,1,0.5057422983554444,Master,Mortgage,1
20,,18.0,1631.7724849597842,22,7,2,0.8171021330026149,Bachelor,Own,0
67,58382.827021433375,8.0,14519.437490449094,10,3,3,0.8610088213080136,PhD,Rent,0
29,17284.250943433897,26.0,1265.5159875279412,18,6,3,0.6156243966831266,Master,Mortgage,0
18,10127.800360503414,,29709.711701733566,2,4,1,0.012756479707430546,Bachelor,Rent,0
61,57939.80788844588,,4603.8602614057445,6,11,1,0.6952296557477357,High School,Mortgage,0
22,18334.882111588642,35.0,7241.883282983774,20,5,1,0.4179992169203516,Bachelor,Rent,1
47,32455.243594710708,17.0,39773.49350445088,25,11,2,0.565557483226387,High School,Mortgage,0
47,20230.436098936992,14.0,1729.1819557286046,13,5,2,0.6490806020188844,PhD,Mortgage,0
34,14750.168437731581,12.0,1515.4355643808778,13,7,4,0.35023661432707676,High School,Own,0
65,47606.82270574188,18.0,4022.588212454409,21,11,4,0.9170985051717943,High School,Rent,0
64,53081.17264066372,5.0,28171.176413700865,12,5,4,0.1339748667497812,Bachelor,Mortgage,0
40,,11.0,1308.6936559172245,11,11,2,0.6715118072810374,High School,Mortgage,1
32,9941.55627132993,36.0,270.8088664700156,23,3,2,0.004359579956580428,High School,Rent,1
54,27636.089161205375,16.0,4715.495925457331,8,10,0,0.9246511054051808,Bachelor,Mortgage,0
38,44174.45689439204,22.0,,0,5,2,0.1125041332380915,High School,Own,1
31,17336.063664786787,25.0,34211.396539372654,18,7,1,0.09488423014757463,High School,Own,0
19,39802.29925737039,28.0,4648.065383716793,10,5,2,0.33300763305224423,Bachelor,Mortgage,1
28,36038.57153574154,32.0,4945.770626553515,22,5,2,0.3735662860390806,Master,Rent,1
68,48515.84622256062,26.0,32360.081221581353,21,9,1,0.21430007232287862,Bachelor,Mortgage,0
56,38553.038060767336,24.0,859.4648777164888,22,3,5,0.5851216609271247,Bachelor,Own,0
55,22325.06973926812,9.0,5083.600603791787,23,13,1,0.4429140980419636,Bachelor,Rent,0
51,66057.82348354215,22.0,10183.343434985441,21,6,3,0.03417558904108742,Bachelor,Own,1
55,33548.090089323414,20.0,13891.917366157613,18,1,2,0.31965206225530063,PhD,Mortgage,1
67,35823.082609492994,20.0,4395.04024982137,17,10,3,0.8104329135731705,High School,Mortgage,1
51,22773.799751213002,12.0,8444.994804680753,11,5,4,0.6897015348618686,Bachelor,Mortgage,0
35,29096.08402172926,36.0,409.1194535639564,22,8,1,0.7248708535798805,Master,Rent,0
47,23332.409599492294,32.0,3677.917246060139,27,5,0,0.6981169240835235,Master,Rent,1
32,,23.0,13963.61720788662,27,9,4,0.3109730213830333,High School,Mortgage,1
44,85464.31847752712,10.0,2493.0126529315794,27,11,3,0.09966392207677588,High School,Rent,1
68,18288.89691122826,16.0,8697.414407292306,26,6,1,0.272467184033096,Master,Mortgage,0
51,16207.336694254991,3.0,13852.860172753824,0,8,2,0.8317853001851593,High School,Rent,0
69,75779.65741259627,24.0,5371.921576504057,18,10,4,0.9804707977830711,Master,Mortgage,0
55,32706.795914502723,29.0,9942.32847460341,27,8,3,0.49384701474156134,Master,Own,0
50,25989.90911402571,8.0,2552.2252933425257,26,13,1,0.00970035492304222,Master,Mortgage,1
41,61080.768657879446,20.0,6323.7424036542425,19,3,0,0.14004481213422904,High School,Rent,1
32,26827.754066488786,19.0,16852.586129631163,28,7,4,0.32208057531626577,Master,Rent,0
47,90490.9257561914,18.0,,29,14,1,0.5785853485929497,Bachelor,Rent,1
59,50968.4929584228,18.0,4008.460280131715,16,7,1,0.07509364580531397,Master,Rent,1
68,28454.00764604713,11.0,10604.775368861596,4,14,3,0.9433572987098816,High School,Own,0
34,106793.68842660394,36.0,19101.68344751211,25,10,3,0.3650836732844007,High School,Mortgage,1
22,26826.42098469493,16.0,692.3353622184638,2,12,2,0.912584217924823,Bachelor,Mortgage,0
46,52630.321446960515,36.0,32561.597362145596,1,6,0,0.7805218027570218,High School,Mortgage,0
21,42177.67325384753,38.0,5412.651234247356,2,12,3,0.7554372725155811,Bachelor,Mortgage,0
27,69624.41985000286,27.0,13501.930036685062,7,7,1,0.606719579782232,PhD,Mortgage,1
34,79281.14396787893,34.0,34087.85046290297,15,14,1,0.6267838170518446,Bachelor,Own,0
27,36901.30054512577,17.0,1562.4205984439245,5,2,2,0.6380032352162481,Master,Own,1
34,24916.638317548084,13.0,3458.778590096574,12,9,1,0.6287213870255821,High School,Own,1
37,45706.05540378311,34.0,5731.5516375748375,29,10,1,0.5537282313983612,High School,Mortgage,0
41,25877.840831330497,6.0,3163.6945171426514,22,10,2,0.9864140184828889,High School,Rent,1
22,99378.75364417919,12.0,64985.788791968596,27,1,1,0.7322905674256961,Bachelor,Rent,1
51,38881.26000329302,17.0,2898.2821761366367,21,1,3,0.7769463883925212,PhD,Mortgage,0
23,30252.654883265706,36.0,4160.305818499904,21,3,1,0.8724628150836742,High School,Rent,1
19,39828.58513435238,12.0,10355.435582853333,15,14,1,0.21563976272584917,Bachelor,Mortgage,1
30,18516.858293595287,35.0,1914.899785107199,27,3,4,0.08380415909506078,Bachelor,Mortgage,1
60,22341.316046196447,30.0,5040.109796724379,15,1,1,0.48289443659859865,PhD,Rent,0
60,66184.8559699708,,11860.204479411848,2,12,3,0.5140806956192732,High School,Rent,0
65,26148.650460029727,15.0,5434.7430131099845,27,7,1,0.8291817799499177,High School,Own,0
28,21515.83616200483,8.0,7244.050348269567,12,4,0,0.4437835792823357,High School,Mortgage,1
68,47492.46644392184,,4293.259291453048,13,10,3,0.5708530255443127,Bachelor,Rent,0
64,65699.86024697156,37.0,1316.3731613970465,7,13,1,0.5270709385134583,High School,Mortgage,0
40,52024.844137011576,10.0,11919.27186505394,11,2,0,0.03820278375739106,Master,Mortgage,1
33,59755.93783829762,21.0,66564.03435591621,22,10,3,0.615214896596914,Bachelor,Own,0
48,24874.59935872727,32.0,8284.006083976039,22,5,1,0.8280432857742522,Bachelor,Rent,0
28,17838.149383224874,35.0,10618.116666483389,21,6,1,0.15750054807580383,Bachelor,Mortgage,1
33,76931.2023887364,22.0,18606.519446055874,20,9,4,0.5943317339265958,High School,Rent,1
25,,33.0,1766.5846833492521,25,4,2,0.5936105444464144,Bachelor,Mortgage,0
21,32034.973016910186,8.0,62505.98491347485,7,2,3,0.16418496405635874,PhD,Own,0
57,,23.0,10329.865644696441,20,5,2,0.12346357373073602,Master,Mortgage,0
21,47959.63529239058,7.0,57424.61246006023,24,3,1,0.9800519429764848,Master,Mortgage,0
42,45612.81040762457,6.0,,8,2,0,0.39371916965303755,Master,Mortgage,1
20,107205.3220580638,35.0,,0,12,2,0.22742172872352928,High School,Own,1
49,26324.119385768412,17.0,20541.17305973379,5,1,0,0.17132454445437495,High School,Rent,0
20,57752.39295874395,2.0,15735.083293825672,22,10,3,0.6676017135832351,High School,Mortgage,0
44,37365.629459236305,27.0,10730.32737299161,18,2,1,0.6094452973272788,Bachelor,Own,0
46,41535.18338401131,5.0,6013.520671802528,22,6,0,0.6435521229874175,High School,Rent,1
49,77982.07044870718,20.0,34222.479079757206,10,8,1,0.08800602751145226,Bachelor,Mortgage,1
67,46813.077570815614,27.0,9589.574941686473,10,13,1,0.893534583498437,Bachelor,Rent,0
68,47531.505294979834,39.0,764.7250486521538,22,3,4,0.3892663968090483,Master,Rent,1
36,,0.0,2120.4343864619996,29,11,3,0.31336940643035793,Master,Rent,1
38,30258.23431655291,35.0,6483.301156566443,12,9,3,0.4623614472477392,PhD,Mortgage,1
22,23870.41646346623,20.0,11754.58645255654,10,12,1,0.39006606574762825,High School,Mortgage,0
35,21538.45891722302,34.0,7571.1012644437415,17,9,2,0.8635770031391459,High School,Own,0
45,13586.361060366045,,34988.15825852212,22,2,3,0.9292609751978921,Bachelor,Own,0
59,101529.38723529098,9.0,779.5195459392639,14,8,3,0.3034532164496062,High School,Own,0
39,20918.638130579486,9.0,9626.79392691534,0,10,4,0.8639358074599548,High School,Mortgage,0
38,32512.281466346823,12.0,,20,11,0,0.7815231295330671,Bachelor,Rent,1
23,31621.525363206376,36.0,20164.012892431812,24,12,0,0.9308076723447618,High School,Mortgage,1
18,42349.1381364812,37.0,7234.738847288394,6,5,3,0.24575031218588783,Bachelor,Rent,0
22,54604.33784400792,23.0,13406.996364389175,22,4,2,0.5769591501209791,Bachelor,Mortgage,1
58,55839.497818821765,1.0,,26,10,1,0.27454458474044463,Bachelor,Rent,1
29,27131.787249314002,21.0,,12,5,1,0.8240944904843742,Bachelor,Mortgage,0
43,33404.274275814074,16.0,28284.51036524388,11,4,1,0.005324190571064258,Bachelor,Rent,0
63,41826.691829916635,35.0,16321.738745386509,17,8,3,0.5648191628863961,High School,Rent,0
51,32069.299092827747,13.0,6936.685208708744,23,4,1,0.339203431271918,High School,Mortgage,1
66,81119.02406615668,9.0,16249.684015261713,18,13,0,0.32268370707782024,Bachelor,Mortgage,0
31,46420.08336996303,34.0,3469.3721446040877,14,10,1,0.644906323864917,Master,Own,1
43,52440.73181302926,24.0,22621.742738050714,7,12,5,0.8514844493139939,Master,Mortgage,0
62,50586.531013285065,2.0,58652.00698496883,18,13,1,0.6091953913933262,Bachelor,Mortgage,0
44,65299.32176364487,37.0,29282.128847572243,9,14,0,0.8531729786467225,High School,Mortgage,0
26,39755.79037765856,16.0,3376.1018909570766,6,6,3,0.26459711188102997,Bachelor,Own,0
43,18988.409126517843,11.0,,17,2,2,0.5195018547649811,Bachelor,Mortgage,0
64,44348.93508673206,23.0,1716.8219333128282,15,5,1,0.450536539067076,Bachelor,Own,1
39,26221.14835066556,28.0,16104.731236293575,19,6,1,0.011644899503096218,Bachelor,Own,1
64,27880.747033716503,24.0,13915.019779839466,26,5,4,0.5568121431407401,Bachelor,Mortgage,0
47,48687.714554816586,35.0,859.3879007820759,5,12,1,0.6615243241461749,Bachelor,Rent,1
60,67449.97801676134,25.0,2009.9384673084828,26,2,2,0.5919144044190701,Master,Rent,1
65,36703.8079812849,37.0,,8,14,2,0.7362798987834215,High School,Mortgage,0
34,42379.35050932029,0.0,5647.50031111429,20,7,1,0.5713395284530771,Master,Mortgage,1
43,85059.60051749818,19.0,1898.136088304304,12,4,4,0.06675025485075692,High School,Rent,1
53,40961.03753120573,27.0,12923.136037226897,24,8,1,0.11644552408471143,High School,Own,1
18,133364.539607057,15.0,10957.37835528387,20,7,0,0.5964745775439524,PhD,Mortgage,1
25,48182.676311777475,16.0,6418.097682420809,25,7,2,0.2749791919736402,PhD,Rent,1
66,15057.30629410069,39.0,3271.6515573842667,7,9,0,0.07964512903476584,High School,Mortgage,1
52,52927.101934254824,27.0,28522.500662559203,15,1,3,0.42960274344854676,Bachelor,Mortgage,0
69,43939.949315361715,11.0,59070.59515715225,12,10,0,0.5543225980836554,High School,Own,0
32,69208.32079236134,26.0,4535.661508987989,12,6,5,0.32874598834960655,Bachelor,Mortgage,1
64,50847.72574180758,29.0,3887.026309489504,16,6,3,0.720433702225778,Master,Mortgage,0
39,33886.50081472384,33.0,14609.820206788692,22,6,1,0.6437706081012446,PhD,Own,1
31,19689.698946575594,36.0,5273.052755432701,19,13,2,0.33281836109167195,Bachelor,Mortgage,1
43,32711.709169123667,,6854.929854567702,4,12,2,0.7548725289085606,Bachelor,Mortgage,0
45,,6.0,19684.44053449784,21,6,2,0.6486950425330354,Bachelor,Mortgage,0
40,27166.456520729032,31.0,819.5641667456276,20,12,1,0.6374453787179021,Bachelor,Mortgage,1
31,48741.65109698149,31.0,39417.4066086838,27,10,4,0.553427700787068,PhD,Own,0
41,83696.48431377157,24.0,8841.542480858672,16,7,1,0.011389668088552796,Master,Rent,1
19,44237.83798719436,,4945.375747582021,27,14,4,0.6965071834768891,Bachelor,Rent,1
62,19971.43874199846,6.0,7280.239324786623,8,10,0,0.3760417911091565,Bachelor,Rent,0
43,45356.162511671,11.0,7745.871153719741,1,6,2,0.9426097101586556,High School,Rent,0
31,66059.80475190215,15.0,1014.9132662620498,24,1,2,0.8179847710772054,High School,Mortgage,0
68,26771.911749454113,15.0,,25,3,1,0.5876944695313122,Master,Mortgage,0
24,33961.79232834696,35.0,8515.052500483871,17,2,4,0.25218198181926943,Bachelor,Mortgage,1
20,36583.18901585401,12.0,13788.670511577482,8,6,2,0.20371739327766658,Bachelor,Mortgage,0
64,24527.515389081585,6.0,25383.629178661602,5,8,4,0.3403848376775491,Bachelor,Mortgage,0
40,50218.57297931899,35.0,2379.4033713390677,10,3,2,0.4765679435800185,Master,Own,0
63,34184.44263002262,8.0,14302.166079133971,24,10,3,0.2960655100389471,High School,Mortgage,1
60,44791.16647005857,31.0,5877.17034325143,28,8,3,0.5149294953924828,Master,Own,1
64,,10.0,22384.52006144916,5,8,1,0.16537042551318593,Master,Mortgage,0
62,29180.93458504736,7.0,631.0133981885842,5,5,0,0.9777128128254999,PhD,Mortgage,1
35,52114.09241165219,32.0,7194.60587149412,12,8,1,0.10792455496499387,Bachelor,Rent,1
55,30139.245055912234,22.0,3930.866692762959,10,6,2,0.9319441396543721,High School,Mortgage,0
